Workbook

Sheet PANEL DE CONTROL DISTRITAL
A1: INSTITUTO NACIONAL ELECTORAL SISTEMA DE GESTIÓN DE LA CALIDAD PUEBLA
D2: Tablero de Control Estatal | M2: Fecha de corte 07 / 12 / 2020 | Q2: Version 0
A4: TABLERO DE CONTROL DISTRITAL DE PROCESOS SUSTANTIVOS DEL SISTEMA DE GESTIÓN DE LA CALIDAD
I5: CAMPAÑA ANUAL INTENSA 2020-2021
A6: Número | B6: PROCESOS SUSTANTIVOS E INDICADORES | I6: % AVANCE REGISTRADO | K6: % AVANCE REGISTRADO | M6: % AVANCE REGISTRADO | O6: % AVANCE REGISTRADO | Q6: % AVANCE REGISTRADO | S6: % AVANCE REGISTRADO | U6: % AVANCE REGISTRADO | W6: % AVANCE REGISTRADO | Y6: % AVANCE REGISTRADO | AA6: % AVANCE REGISTRADO | AC6: % AVANCE REGISTRADO | AE6: % AVANCE REGISTRADO | AG6: % AVANCE REGISTRADO | AI6: % AVANCE REGISTRADO | AK6: % AVANCE REGISTRADO | AM6: % AVANCE REGISTRADO
B7: DESCRIPCIÓN | E7: MEDICIÓN
B8: Proceso | C8: Dueño de Proceso | D8: Indicador | E8: Cálculo | F8: Periodo | G8: Estimado | H8: Nominativo | I8: Distrito 01 | K8: Distrito 02 | M8: Distrito 03 | O8: Distrito 04 | Q8: Distrito 05 | S8: Distrito 06 | U8: Distrito 07 | W8: Distrito 08 | Y8: Distrito 09 | AA8: Distrito 10 | AC8: Distrito 11 | AE8: Distrito 12 | AG8: Distrito 13 | AI8: Distrito 14 | AK8: Distrito 15 | AM8: Estatal
A9: 1 | B9: ENTREVISTA | C9: Auxiliar de Atención Ciudadana | D9: Efectividad de la entrevista = | E9: (Número de fichas requisitadas- tramites no identificados por huella / Número de trámites aplicados) x 100 | F9: Semanal (remesa) | G9: 0.9 | H9: Número de trámites aplicados | I9: =AVERAGE('210151'!H34:H35,'210152'!H34:H35,'210153'!H34:H35,'210154'!H34:H35,'210155'!H34:H35) -> 0.79863269 | K9: =AVERAGE('210251'!H34:H35,'210252 '!H34:H35,'210253'!H34:H35,'210254'!H34:H35,'210255'!H34:H35) -> 0.19050523 | M9: =AVERAGE('210351'!H34:H35,'210352'!H34:H35,'210353'!H34:H35,'210354'!H34:H35) -> 0.50721961 | O9: =AVERAGE('210451'!H34:H35,'210452'!H34:H35,'210453'!H34:H35,'210454'!H34:H35) -> 1 | Q9: =AVERAGE('210551'!H34:H35,'210552'!H34:H35,'210553'!H34:H35) -> 1.0001393 | S9: =AVERAGE('210651'!H34:H35) -> 1.0422422 | U9: =AVERAGE('210751'!H34:H35,'210752'!H34:H35,'210753'!H34:H35) -> 0.66666667 | W9: =AVERAGE('210851'!H34:H35,'210852'!H34:H35,'210853'!H34:H35,'210854'!H34:H35,'210855'!H34:H35) -> 1 | Y9: =AVERAGE('210951'!H34:H35,'210952'!H34:H35) -> 1 | AA9: =AVERAGE('211051'!H34:H35,'211052'!H34:H35) -> 0.5 | AC9: =AVERAGE('211151'!H34:H35) -> 1.0379415 | AE9: =AVERAGE('211251'!H34:H35,'211252'!H34:H35) -> 1 | AG9: =AVERAGE('211351'!H34:H35,'211352'!H34:H35,'211353'!H34:H35) -> 1.0476162 | AI9: =AVERAGE('211451'!H34:H35,'211452'!H34:H35,'211453'!H34:H35,'211454'!H34:H35,'211455'!H34:H35,'211456'!H34:H35) -> 1 | AK9: =AVERAGE('211551'!H34:H35,'211552'!H34:H35) -> 0.99982123 | AM9: =(I9+K9+M9+O9+Q9+S9+U9+W9+Y9+AA9+AC9+AE9+AG9+AI9+AK9)/15 -> 0.85271898
H10: Número de fichas requisitadas- tramites no identificados por huella
A12: 2 | B12: TRÁMITE | C12: Operador de Equipo Tecnológico | D12: Trámites exitosos efectivos= | E12: (Número de trámites exitosos/ Número de trámites aplicados) x 100 | F12: Semanal (remesa) | G12: 0.9 | H12: Número de trámites aplicados | I12: =AVERAGE('210151'!H37:H38,'210152'!H37:H38,'210153'!H37:H38,'210154'!H37:H38,'210155'!H37:H38) -> 0.79408363 | K12: =AVERAGE('210251'!H37:H38,'210252 '!H37:H38,'210253'!H37:H38,'210254'!H37:H38,'210255'!H37:H38) -> 0.98061449 | M12: =AVERAGE('210351'!H37:H38,'210352'!H37:H38,'210353'!H37:H38,'210354'!H37:H38) -> 0.98523243 | O12: =AVERAGE('210451'!H37:H38,'210452'!H37:H38,'210453'!H37:H38,'210454'!H37:H38) -> 0.99519048 | Q12: =AVERAGE('210551'!H37:H38,'210552'!H37:H38,'210553'!H37:H38) -> 0.98975977 | S12: =AVERAGE('210651'!H37:H38) -> 0.99284202 | U12: =AVERAGE('210751'!H37:H38,'210752'!H37:H38,'210753'!H37:H38) -> 0.66157899 | W12: =AVERAGE('210851'!H37:H38,'210852'!H37:H38,'210853'!H37:H38,'210854'!H37:H38,'210855'!H37:H38) -> 0.80113886 | Y12: =AVERAGE('210951'!H37:H38,'210952'!H37:H38) -> 0.99414645 | AA12: =AVERAGE('211051'!H37:H38,'211052'!H37:H38) -> 0.49679003 | AC12: =AVERAGE('211151'!H37:H38) -> 0.9924117 | AE12: =AVERAGE('211251'!H37:H38,'211252'!H37:H38) -> 0.99307695 | AG12: =AVERAGE('211351'!H37:H38,'211352'!H37:H38,'211353'!H37:H38) -> 0.98659668 | AI12: =AVERAGE('211451'!H37:H38,'211452'!H37:H38,'211453'!H37:H38,'211454'!H37:H38,'211455'!H37:H38,'211456'!H37:H38) -> 0.98662713 | AK12: =AVERAGE('211551'!H37:H38,'211552'!H37:H38) -> 0.99207359 | AM12: =(I12+K12+M12+O12+Q12+S12+U12+W12+Y12+AA12+AC12+AE12+AG12+AI12+AK12)/15 -> 0.90947755
H13: Número de trámites exitosos
A15: 3 | B15: TRANSFERENCIA | C15: Responsable de Módulo | D15: Transacciones exitosas = | E15: (Número de Archivos de Transacción aceptados /Total de Archivos de Transacción procesados) x100 | F15: Semanal (remesa) | G15: 0.9 | H15: Total de Archivos de Transacción procesados | I15: =AVERAGE('210151'!H40:H41,'210152'!H40:H41,'210153'!H40:H41,'210154'!H40:H41,'210155'!H40:H41) -> 1 | K15: =AVERAGE('210251'!H40:H41,'210252 '!H40:H41,'210253'!H40:H41,'210254'!H40:H41,'210255'!H40:H41) -> 1 | M15: =AVERAGE('210351'!H40:H41,'210352'!H40:H41,'210353'!H40:H41,'210354'!H40:H41) -> 0.98951776 | O15: =AVERAGE('210451'!H40:H41,'210452'!H40:H41,'210453'!H40:H41,'210454'!H40:H41) -> 1 | Q15: =AVERAGE('210551'!H40:H41,'210552'!H40:H41,'210553'!H40:H41) -> 1 | S15: =AVERAGE('210651'!H40:H41) -> 1 | U15: =AVERAGE('210751'!H40:H41,'210752'!H40:H41,'210753'!H40:H41) -> 0.66666667 | W15: =AVERAGE('210851'!H40:H41,'210852'!H40:H41,'210853'!H40:H41,'210854'!H40:H41,'210855'!H40:H41) -> 1 | Y15: =AVERAGE('210951'!H40:H41,'210952'!H40:H41) -> 1 | AA15: =AVERAGE('211051'!H40:H41,'211052'!H40:H41) -> 1.0000664 | AC15: =AVERAGE('211151'!H40:H41) -> 1 | AE15: =AVERAGE('211251'!H40:H41,'211252'!H40:H41) -> 1 | AG15: =AVERAGE('211351'!H40:H41,'211352'!H40:H41,'211353'!H40:H41) -> 1 | AI15: =AVERAGE('211451'!H40:H41,'211452'!H40:H41,'211453'!H40:H41,'211454'!H40:H41,'211455'!H40:H41,'211456'!H40:H41) -> 1 | AK15: =AVERAGE('211551'!H40:H41,'211552'!H40:H41) -> 1 | AM15: =(I12+K12+M12+O12+Q12+S12+U12+W12+Y12+AA12+AC12+AE12+AG12+AI12+AK12)/15 -> 0.90947755
H16: Número de Archivos de Transacción aceptados
A18: 4 | B18: CONCILIACIÓN | C18: Responsable de Módulo | D18: Credenciales disponibles para entrega = | E18: ((Credenciales recibidas - credenciales inconsistentes )/ Credenciales Recibidas) x 100 | F18: Semanal (remesa) | G18: 0.9 | H18: Credenciales Recibidas | I18: =AVERAGE('210151'!H43:H44,'210152'!H43:H44,'210153'!H43:H44,'210154'!H43:H44,'210155'!H43:H44) -> 1 | K18: =AVERAGE('210251'!H43:H44,'210252 '!H43:H44,'210253'!H43:H44,'210254'!H43:H44,'210255'!H43:H44) -> 1 | M18: =AVERAGE('210351'!H43:H44,'210352'!H43:H44,'210353'!H43:H44,'210354'!H43:H44) -> 0.98951776 | O18: =AVERAGE('210451'!H43:H44,'210452'!H43:H44,'210453'!H43:H44,'210454'!H43:H44) -> 1 | Q18: =AVERAGE('210551'!H43:H44,'210552'!H43:H44,'210553'!H43:H44) -> 1 | S18: =AVERAGE('210651'!H43:H44) -> 1 | U18: =AVERAGE('210751'!H43:H44,'210752'!H43:H44,'210753'!H43:H44) -> 1 | W18: =AVERAGE('210851'!H43:H44,'210852'!H43:H44,'210853'!H43:H44,'210854'!H43:H44,'210855'!H43:H44) -> 1 | Y18: =AVERAGE('210951'!H43:H44,'210952'!H43:H44) -> 1 | AA18: =AVERAGE('211051'!H43:H44,'211052'!H43:H44) -> 0.50006641 | AC18: =AVERAGE('211151'!H43:H44) -> 1 | AE18: =AVERAGE('211251'!H43:H44,'211252'!H43:H44) -> 1 | AG18: =AVERAGE('211351'!H43:H44,'211352'!H43:H44,'211353'!H43:H44) -> 1 | AI18: =AVERAGE('211451'!H43:H44,'211452'!H43:H44,'211453'!H43:H44,'211454'!H43:H44,'211455'!H43:H44,'211456'!H43:H44) -> 1 | AK18: =AVERAGE('211551'!H43:H44,'211552'!H43:H44) -> 1 | AM18: =(I18+K18+M18+O18+Q18+S18+U18+W18+Y18+AA18+AC18+AE18+AG18+AI18+AK18)/15 -> 0.96597228
H19: Credenciales recibidas - credenciales inconsistentes
A21: 5 | B21: ENTREGA | C21: Operador de Equipo Tecnológico | D21: Efectividad de entrega de CPV en MAC = | E21: Total de credenciales entregadas – reimpresiones por error de captura en MAC)/Total de credenciales entregadas ) x 100 | F21: Semanal (remesa) | G21: 0.9 | H21: Total de credenciales entregadas | I21: =AVERAGE('210151'!H46:H47,'210152'!H46:H47,'210153'!H46:H47,'210154'!H46:H47,'210155'!H46:H47) -> 1 | K21: =AVERAGE('210251'!H46:H47,'210252 '!H46:H47,'210253'!H46:H47,'210254'!H46:H47,'210255'!H46:H47) -> 1 | M21: =AVERAGE('210351'!H46:H47,'210352'!H46:H47,'210353'!H46:H47,'210354'!H46:H47) -> 1 | O21: =AVERAGE('210451'!H46:H47,'210452'!H46:H47,'210453'!H46:H47,'210454'!H46:H47) -> 1 | Q21: =AVERAGE('210551'!H46:H47,'210552'!H46:H47,'210553'!H46:H47) -> 0.99978536 | S21: =AVERAGE('210651'!H46:H47) -> 1 | U21: =AVERAGE('210751'!H46:H47,'210752'!H46:H47,'210753'!H46:H47) -> 1 | W21: =AVERAGE('210851'!H46:H47,'210852'!H46:H47,'210853'!H46:H47,'210854'!H46:H47,'210855'!H46:H47) -> 0.99996061 | Y21: =AVERAGE('210951'!H46:H47,'210952'!H46:H47) -> 1 | AA21: =AVERAGE('211051'!H46:H47,'211052'!H46:H47) -> 0.99988604 | AC21: =AVERAGE('211151'!H46:H47) -> 1 | AE21: =AVERAGE('211251'!H46:H47,'211252'!H46:H47) -> 1 | AG21: =AVERAGE('211351'!H46:H47,'211352'!H46:H47,'211353'!H46:H47) -> 0.99991405 | AI21: =AVERAGE('211451'!H46:H47,'211452'!H46:H47,'211453'!H46:H47,'211454'!H46:H47,'211455'!H46:H47,'211456'!H46:H47) -> 1 | AK21: =AVERAGE('211551'!H46:H47,'211552'!H46:H47) -> 1 | AM21: =(I21+K21+M21+O21+Q21+S21+U21+W21+Y21+AA21+AC21+AE21+AG21+AI21+AK21)/15 -> 0.99996974
H22: Total de credenciales entregadas – reimpresiones por error de captura en MAC

Sheet 210151
A1: ='PANEL DE CONTROL DISTRITAL'!A1:Q1 -> INSTITUTO NACIONAL ELECTORAL SISTEMA DE GESTIÓN DE LA CALIDAD PUEBLA
D2: Distrito | E2: 1 | F2: Módulo | H2: 210151 | W2: ='PANEL DE CONTROL DISTRITAL'!M2 -> Fecha de corte 07 / 12 / 2020
A4: TABLERO DE CONTROL DE PROCESOS SUSTANTIVOS DEL SISTEMA DE GESTIÓN DE LA CALIDAD
A6: ='PANEL DE CONTROL DISTRITAL'!A6:A8 -> Número | B6: ='PANEL DE CONTROL DISTRITAL'!B6:H6 -> PROCESOS SUSTANTIVOS E INDICADORES | I6: SEMANA OPERATIVA | AG6: % AVANCE REGISTRADO
B7: ='PANEL DE CONTROL DISTRITAL'!B7:D7 -> DESCRIPCIÓN | E7: ='PANEL DE CONTROL DISTRITAL'!E7:H7 -> MEDICIÓN | I7: ='PANEL DE CONTROL DISTRITAL'!I5 -> CAMPAÑA ANUAL INTENSA 2020-2021
B9: ='PANEL DE CONTROL DISTRITAL'!B8 -> Proceso | C9: ='PANEL DE CONTROL DISTRITAL'!C8 -> Dueño de Proceso | D9: ='PANEL DE CONTROL DISTRITAL'!D8 -> Indicador | E9: ='PANEL DE CONTROL DISTRITAL'!E8 -> Cálculo | F9: ='PANEL DE CONTROL DISTRITAL'!F8 -> Periodo | G9: ='PANEL DE CONTROL DISTRITAL'!G8 -> Estimado | H9: ='PANEL DE CONTROL DISTRITAL'!H8 -> Nominativo | I9: 2020-36 | J9: 2020-37 | K9: 2020-38 | L9: 2020-39 | M9: 2020-40 | N9: 2020-41 | O9: 2020-42 | P9: 2020-43 | Q9: 2020-44 | R9: 2020-45 | S9: 2020-46 | T9: 2020-47 | U9: 2020-48 | V9: 2020-49 | W9: 2020-50 | X9: 2020-51 | Y9: 2020-52 | Z9: 2020-53 | AA9: 2021-01 | AB9: 2021-02 | AC9: 2021-03 | AD9: 2021-04 | AE9: 2021-05 | AF9: 2021-06
A10: ='PANEL DE CONTROL DISTRITAL'!A9 -> 1 | B10: ='PANEL DE CONTROL DISTRITAL'!B9 -> ENTREVISTA | C10: ='PANEL DE CONTROL DISTRITAL'!C9 -> Auxiliar de Atención Ciudadana | D10: ='PANEL DE CONTROL DISTRITAL'!D9 -> Efectividad de la entrevista = | E10: ='PANEL DE CONTROL DISTRITAL'!E9 -> (Número de fichas requisitadas- tramites no identificados por huella / Número de trámites aplicados) x 100 | F10: ='PANEL DE CONTROL DISTRITAL'!F9 -> Semanal (remesa) | G10: ='PANEL DE CONTROL DISTRITAL'!G9 -> 0.9 | H10: ='PANEL DE CONTROL DISTRITAL'!H10 -> Número de fichas requisitadas- tramites no identificados por huella | I10: 0 | J10: 251 | K10: 328 | L10: 274 | M10: 325 | N10: 359 | O10: 476 | P10: 459 | Q10: 440 | R10: 429 | S10: 322 | T10: 464 | U10: 415 | V10: 545 | W10: 515 | X10: 0 | Y10: 0 | Z10: 0 | AA10: 0 | AB10: 0 | AC10: 0 | AD10: 0 | AE10: 0 | AF10: 0 | AG10: =IFERROR(SUM(I10:AF10)/SUM(I11:AF11),0) -> 0.99203117
H11: ='PANEL DE CONTROL DISTRITAL'!H9 -> Número de trámites aplicados | I11: 0 | J11: 251 | K11: 328 | L11: 274 | M11: 325 | N11: 404 | O11: 476 | P11: 459 | Q11: 440 | R11: 429 | S11: 322 | T11: 464 | U11: 415 | V11: 545 | W11: 515 | X11: 0 | Y11: 0 | Z11: 0 | AA11: 0 | AB11: 0 | AC11: 0 | AD11: 0 | AE11: 0 | AF11: 0
A12: 0
A13: ='PANEL DE CONTROL DISTRITAL'!A12 -> 2 | B13: ='PANEL DE CONTROL DISTRITAL'!B12 -> TRÁMITE | C13: ='PANEL DE CONTROL DISTRITAL'!C12 -> Operador de Equipo Tecnológico | D13: ='PANEL DE CONTROL DISTRITAL'!D12 -> Trámites exitosos efectivos= | E13: ='PANEL DE CONTROL DISTRITAL'!E12 -> (Número de trámites exitosos/ Número de trámites aplicados) x 100 | F13: ='PANEL DE CONTROL DISTRITAL'!F12 -> Semanal (remesa) | G13: ='PANEL DE CONTROL DISTRITAL'!G12 -> 0.9 | H13: ='PANEL DE CONTROL DISTRITAL'!H13 -> Número de trámites exitosos | I13: 0 | J13: 250 | K13: 326 | L13: 274 | M13: 322 | N13: 403 | O13: 475 | P13: 457 | Q13: 440 | R13: 429 | S13: 320 | T13: 464 | U13: 415 | V13: 542 | W13: 511 | X13: 0 | Y13: 0 | Z13: 0 | AA13: 0 | AB13: 0 | AC13: 0 | AD13: 0 | AE13: 0 | AF13: 0 | AG13: =IFERROR(SUM(I13:AF13)/SUM(I14:AF14),0) -> 0.99663538
H14: ='PANEL DE CONTROL DISTRITAL'!H12 -> Número de trámites aplicados | I14: 0 | J14: 251 | K14: 328 | L14: 274 | M14: 325 | N14: 404 | O14: 476 | P14: 459 | Q14: 440 | R14: 429 | S14: 322 | T14: 464 | U14: 415 | V14: 545 | W14: 515 | X14: 0 | Y14: 0 | Z14: 0 | AA14: 0 | AB14: 0 | AC14: 0 | AD14: 0 | AE14: 0 | AF14: 0
A16: ='PANEL DE CONTROL DISTRITAL'!A15 -> 3 | B16: ='PANEL DE CONTROL DISTRITAL'!B15 -> TRANSFERENCIA | C16: ='PANEL DE CONTROL DISTRITAL'!C15 -> Responsable de Módulo | D16: ='PANEL DE CONTROL DISTRITAL'!D15 -> Transacciones exitosas = | E16: ='PANEL DE CONTROL DISTRITAL'!E15 -> (Número de Archivos de Transacción aceptados /Total de Archivos de Transacción procesados) x100 | F16: ='PANEL DE CONTROL DISTRITAL'!F15 -> Semanal (remesa) | G16: ='PANEL DE CONTROL DISTRITAL'!G15 -> 0.9 | H16: ='PANEL DE CONTROL DISTRITAL'!H16 -> Número de Archivos de Transacción aceptados | I16: 0 | J16: 411 | K16: 593 | L16: 660 | M16: 679 | N16: 738 | O16: 886 | P16: 888 | Q16: 872 | R16: 906 | S16: 726 | T16: 855 | U16: 854 | V16: 1009 | W16: 977 | X16: 0 | Y16: 0 | Z16: 0 | AA16: 0 | AB16: 0 | AC16: 0 | AD16: 0 | AE16: 0 | AF16: 0 | AG16: =IFERROR(SUM(I16:AF16)/SUM(I17:AF17),0) -> 1
H17: ='PANEL DE CONTROL DISTRITAL'!H15 -> Total de Archivos de Transacción procesados | I17: 0 | J17: 411 | K17: 593 | L17: 660 | M17: 679 | N17: 738 | O17: 886 | P17: 888 | Q17: 872 | R17: 906 | S17: 726 | T17: 855 | U17: 854 | V17: 1009 | W17: 977 | X17: 0 | Y17: 0 | Z17: 0 | AA17: 0 | AB17: 0 | AC17: 0 | AD17: 0 | AE17: 0 | AF17: 0
A19: ='PANEL DE CONTROL DISTRITAL'!A18 -> 4 | B19: ='PANEL DE CONTROL DISTRITAL'!B18 -> CONCILIACIÓN | C19: ='PANEL DE CONTROL DISTRITAL'!C18 -> Responsable de Módulo | D19: ='PANEL DE CONTROL DISTRITAL'!D18 -> Credenciales disponibles para entrega = | E19: ='PANEL DE CONTROL DISTRITAL'!E18 -> ((Credenciales recibidas - credenciales inconsistentes )/ Credenciales Recibidas) x 100 | F19: ='PANEL DE CONTROL DISTRITAL'!F18 -> Semanal (remesa) | G19: ='PANEL DE CONTROL DISTRITAL'!G18 -> 0.9 | H19: ='PANEL DE CONTROL DISTRITAL'!H19 -> Credenciales recibidas - credenciales inconsistentes | I19: 0 | J19: 108 | K19: 343 | L19: 225 | M19: 383 | N19: 322 | O19: 404 | P19: 507 | Q19: 375 | R19: 614 | S19: 336 | T19: 332 | U19: 357 | V19: 546 | W19: 503 | X19: 0 | Y19: 0 | Z19: 0 | AA19: 0 | AB19: 0 | AC19: 0 | AD19: 0 | AE19: 0 | AF19: 0 | AG19: =IFERROR(SUM(I16:AF16)/SUM(I17:AF17),0) -> 1
H20: ='PANEL DE CONTROL DISTRITAL'!H18 -> Credenciales Recibidas | I20: 0 | J20: 108 | K20: 343 | L20: 225 | M20: 383 | N20: 322 | O20: 404 | P20: 507 | Q20: 375 | R20: 614 | S20: 336 | T20: 332 | U20: 357 | V20: 546 | W20: 503 | X20: 0 | Y20: 0 | Z20: 0 | AA20: 0 | AB20: 0 | AC20: 0 | AD20: 0 | AE20: 0 | AF20: 0
A22: ='PANEL DE CONTROL DISTRITAL'!A21 -> 5 | B22: ='PANEL DE CONTROL DISTRITAL'!B21 -> ENTREGA | C22: ='PANEL DE CONTROL DISTRITAL'!C21 -> Operador de Equipo Tecnológico | D22: ='PANEL DE CONTROL DISTRITAL'!D21 -> Efectividad de entrega de CPV en MAC = | E22: ='PANEL DE CONTROL DISTRITAL'!E21 -> Total de credenciales entregadas – reimpresiones por error de captura en MAC)/Total de credenciales entregadas ) x 100 | F22: ='PANEL DE CONTROL DISTRITAL'!F21 -> Semanal (remesa) | G22: ='PANEL DE CONTROL DISTRITAL'!G21 -> 0.9 | H22: ='PANEL DE CONTROL DISTRITAL'!H22 -> Total de credenciales entregadas – reimpresiones por error de captura en MAC | I22: 0 | J22: 160 | K22: 265 | L22: 386 | M22: 354 | N22: 334 | O22: 410 | P22: 429 | Q22: 432 | R22: 477 | S22: 404 | T22: 391 | U22: 439 | V22: 464 | W22: 462 | X22: 0 | Y22: 0 | Z22: 0 | AA22: 0 | AB22: 0 | AC22: 0 | AD22: 0 | AE22: 0 | AF22: 0 | AG22: =IFERROR(SUM(I22:AF22)/SUM(I23:AF23),0) -> 1
H23: ='PANEL DE CONTROL DISTRITAL'!H21 -> Total de credenciales entregadas | I23: 0 | J23: 160 | K23: 265 | L23: 386 | M23: 354 | N23: 334 | O23: 410 | P23: 429 | Q23: 432 | R23: 477 | S23: 404 | T23: 391 | U23: 439 | V23: 464 | W23: 462 | X23: 0 | Y23: 0 | Z23: 0 | AA23: 0 | AB23: 0 | AC23: 0 | AD23: 0 | AE23: 0 | AF23: 0
B24: *Registre el valor nominal solicitado en la celda, el resultado proporcional esta automatizado.
I26: Semaforización
J27: Valor que requiere atención y justificación en el apartado de observaciones
J28: Valor suficiente
J29: Valor esperado
A31: ='PANEL DE CONTROL DISTRITAL'!A6 -> Número | B31: ='PANEL DE CONTROL DISTRITAL'!B6:H6 -> PROCESOS SUSTANTIVOS E INDICADORES | I31: CUADRO DE OBSERVACIONES
B32: ='PANEL DE CONTROL DISTRITAL'!B7:D7 -> DESCRIPCIÓN | E32: ='PANEL DE CONTROL DISTRITAL'!E7:H7 -> MEDICIÓN
B33: ='PANEL DE CONTROL DISTRITAL'!B8 -> Proceso | C33: ='PANEL DE CONTROL DISTRITAL'!C8 -> Dueño de Proceso | D33: ='PANEL DE CONTROL DISTRITAL'!D8 -> Indicador | E33: ='PANEL DE CONTROL DISTRITAL'!E8 -> Cálculo | F33: ='PANEL DE CONTROL DISTRITAL'!F8 -> Periodo | G33: ='PANEL DE CONTROL DISTRITAL'!G8 -> Estimado | H33: =AG6 -> % AVANCE REGISTRADO | I33: Descripción | O33: No conformidad
A34: ='PANEL DE CONTROL DISTRITAL'!A9 -> 1 | B34: ='PANEL DE CONTROL DISTRITAL'!B9 -> ENTREVISTA | C34: ='PANEL DE CONTROL DISTRITAL'!C9 -> Auxiliar de Atención Ciudadana | D34: ='PANEL DE CONTROL DISTRITAL'!D9 -> Efectividad de la entrevista = | E34: ='PANEL DE CONTROL DISTRITAL'!E9 -> (Número de fichas requisitadas- tramites no identificados por huella / Número de trámites aplicados) x 100 | F34: ='PANEL DE CONTROL DISTRITAL'!F9 -> Semanal (remesa) | G34: ='PANEL DE CONTROL DISTRITAL'!G9 -> 0.9 | H34: =AG10 -> 0.99203117
A37: ='PANEL DE CONTROL DISTRITAL'!A12 -> 2 | B37: ='PANEL DE CONTROL DISTRITAL'!B12 -> TRÁMITE | C37: ='PANEL DE CONTROL DISTRITAL'!C12 -> Operador de Equipo Tecnológico | D37: ='PANEL DE CONTROL DISTRITAL'!D12 -> Trámites exitosos efectivos= | E37: ='PANEL DE CONTROL DISTRITAL'!E12 -> (Número de trámites exitosos/ Número de trámites aplicados) x 100 | F37: ='PANEL DE CONTROL DISTRITAL'!F12 -> Semanal (remesa) | G37: ='PANEL DE CONTROL DISTRITAL'!G12 -> 0.9 | H37: =AG13 -> 0.99663538
A40: ='PANEL DE CONTROL DISTRITAL'!A15 -> 3 | B40: ='PANEL DE CONTROL DISTRITAL'!B15 -> TRANSFERENCIA | C40: ='PANEL DE CONTROL DISTRITAL'!C15 -> Responsable de Módulo | D40: ='PANEL DE CONTROL DISTRITAL'!D15 -> Transacciones exitosas = | E40: ='PANEL DE CONTROL DISTRITAL'!E15 -> (Número de Archivos de Transacción aceptados /Total de Archivos de Transacción procesados) x100 | F40: ='PANEL DE CONTROL DISTRITAL'!F15 -> Semanal (remesa) | G40: ='PANEL DE CONTROL DISTRITAL'!G15 -> 0.9 | H40: =AG16 -> 1
A43: ='PANEL DE CONTROL DISTRITAL'!A18 -> 4 | B43: ='PANEL DE CONTROL DISTRITAL'!B18 -> CONCILIACIÓN | C43: ='PANEL DE CONTROL DISTRITAL'!C18 -> Responsable de Módulo | D43: ='PANEL DE CONTROL DISTRITAL'!D18 -> Credenciales disponibles para entrega = | E43: ='PANEL DE CONTROL DISTRITAL'!E18 -> ((Credenciales recibidas - credenciales inconsistentes )/ Credenciales Recibidas) x 100 | F43: ='PANEL DE CONTROL DISTRITAL'!F18 -> Semanal (remesa) | G43: ='PANEL DE CONTROL DISTRITAL'!G18 -> 0.9 | H43: =AG19 -> 1
A46: ='PANEL DE CONTROL DISTRITAL'!A21 -> 5 | B46: ='PANEL DE CONTROL DISTRITAL'!B21 -> ENTREGA | C46: ='PANEL DE CONTROL DISTRITAL'!C21 -> Operador de Equipo Tecnológico | D46: ='PANEL DE CONTROL DISTRITAL'!D21 -> Efectividad de entrega de CPV en MAC = | E46: ='PANEL DE CONTROL DISTRITAL'!E21 -> Total de credenciales entregadas – reimpresiones por error de captura en MAC)/Total de credenciales entregadas ) x 100 | F46: ='PANEL DE CONTROL DISTRITAL'!F21 -> Semanal (remesa) | G46: ='PANEL DE CONTROL DISTRITAL'!G21 -> 0.9 | H46: =AG22 -> 1

Sheet 210152
A1: ='PANEL DE CONTROL DISTRITAL'!A1:Q1 -> INSTITUTO NACIONAL ELECTORAL SISTEMA DE GESTIÓN DE LA CALIDAD PUEBLA
D2: Distrito | E2: 1 | F2: Módulo | H2: 210152 | W2: ='PANEL DE CONTROL DISTRITAL'!M2 -> Fecha de corte 07 / 12 / 2020
A4: ='210151'!A4:AG4 -> TABLERO DE CONTROL DE PROCESOS SUSTANTIVOS DEL SISTEMA DE GESTIÓN DE LA CALIDAD
A6: ='PANEL DE CONTROL DISTRITAL'!A6:A8 -> Número | B6: ='PANEL DE CONTROL DISTRITAL'!B6:H6 -> PROCESOS SUSTANTIVOS E INDICADORES | I6: ='210151'!I6:AF6 -> SEMANA OPERATIVA | AG6: ='210151'!AG6:AG9 -> % AVANCE REGISTRADO
B7: ='PANEL DE CONTROL DISTRITAL'!B7:D7 -> DESCRIPCIÓN | E7: ='PANEL DE CONTROL DISTRITAL'!E7:H7 -> MEDICIÓN | I7: ='PANEL DE CONTROL DISTRITAL'!I5 -> CAMPAÑA ANUAL INTENSA 2020-2021
B9: ='PANEL DE CONTROL DISTRITAL'!B8 -> Proceso | C9: ='PANEL DE CONTROL DISTRITAL'!C8 -> Dueño de Proceso | D9: ='PANEL DE CONTROL DISTRITAL'!D8 -> Indicador | E9: ='PANEL DE CONTROL DISTRITAL'!E8 -> Cálculo | F9: ='PANEL DE CONTROL DISTRITAL'!F8 -> Periodo | G9: ='PANEL DE CONTROL DISTRITAL'!G8 -> Estimado | H9: ='PANEL DE CONTROL DISTRITAL'!H8 -> Nominativo | I9: ='210151'!I9 -> 2020-36 | J9: ='210151'!J9 -> 2020-37 | K9: ='210151'!K9 -> 2020-38 | L9: ='210151'!L9 -> 2020-39 | M9: ='210151'!M9 -> 2020-40 | N9: ='210151'!N9 -> 2020-41 | O9: ='210151'!O9 -> 2020-42 | P9: ='210151'!P9 -> 2020-43 | ... AF9: ='210151'!AF9 -> 2021-06
A10: ='PANEL DE CONTROL DISTRITAL'!A9 -> 1 | B10: ='PANEL DE CONTROL DISTRITAL'!B9 -> ENTREVISTA | C10: ='PANEL DE CONTROL DISTRITAL'!C9 -> Auxiliar de Atención Ciudadana | D10: ='PANEL DE CONTROL DISTRITAL'!D9 -> Efectividad de la entrevista = | E10: ='PANEL DE CONTROL DISTRITAL'!E9 -> (Número de fichas requisitadas- tramites no identificados por huella / Número de trámites aplicados) x 100 | F10: ='PANEL DE CONTROL DISTRITAL'!F9 -> Semanal (remesa) | G10: ='PANEL DE CONTROL DISTRITAL'!G9 -> 0.9 | H10: ='PANEL DE CONTROL DISTRITAL'!H10 -> Número de fichas requisitadas- tramites no identificados por huella | I10: 0 | J10: 299 | K10: 406 | L10: 321 | M10: 448 | N10: 427 | O10: 403 | P10: 405 | Q10: 412 | R10: 332 | S10: 310 | T10: 423 | U10: 314 | V10: 413 | W10: 392 | X10: 0 | Y10: 0 | Z10: 0 | AA10: 0 | AB10: 0 | AC10: 0 | AD10: 0 | AE10: 0 | AF10: 0 | AG10: =IFERROR(SUM(I10:AF10)/SUM(I11:AF11),0) -> 1.0011323
H11: ='PANEL DE CONTROL DISTRITAL'!H9 -> Número de trámites aplicados | I11: 0 | J11: 299 | K11: 406 | L11: 321 | M11: 442 | N11: 427 | O11: 403 | P11: 405 | Q11: 412 | R11: 332 | S11: 310 | T11: 423 | U11: 314 | V11: 413 | W11: 392 | X11: 0 | Y11: 0 | Z11: 0 | AA11: 0 | AB11: 0 | AC11: 0 | AD11: 0 | AE11: 0 | AF11: 0
A12: 0
A13: ='PANEL DE CONTROL DISTRITAL'!A12 -> 2 | B13: ='PANEL DE CONTROL DISTRITAL'!B12 -> TRÁMITE | C13: ='PANEL DE CONTROL DISTRITAL'!C12 -> Operador de Equipo Tecnológico | D13: ='PANEL DE CONTROL DISTRITAL'!D12 -> Trámites exitosos efectivos= | E13: ='PANEL DE CONTROL DISTRITAL'!E12 -> (Número de trámites exitosos/ Número de trámites aplicados) x 100 | F13: ='PANEL DE CONTROL DISTRITAL'!F12 -> Semanal (remesa) | G13: ='PANEL DE CONTROL DISTRITAL'!G12 -> 0.9 | H13: ='PANEL DE CONTROL DISTRITAL'!H13 -> Número de trámites exitosos | I13: 0 | J13: 295 | K13: 406 | L13: 317 | M13: 440 | N13: 425 | O13: 402 | P13: 403 | Q13: 410 | R13: 329 | S13: 310 | T13: 420 | U13: 312 | V13: 411 | W13: 390 | X13: 0 | Y13: 0 | Z13: 0 | AA13: 0 | AB13: 0 | AC13: 0 | AD13: 0 | AE13: 0 | AF13: 0 | AG13: =IFERROR(SUM(I13:AF13)/SUM(I14:AF14),0) -> 0.99452727
H14: ='PANEL DE CONTROL DISTRITAL'!H12 -> Número de trámites aplicados | I14: 0 | J14: 299 | K14: 406 | L14: 321 | M14: 442 | N14: 427 | O14: 403 | P14: 405 | Q14: 412 | R14: 332 | S14: 310 | T14: 423 | U14: 314 | V14: 413 | W14: 392 | X14: 0 | Y14: 0 | Z14: 0 | AA14: 0 | AB14: 0 | AC14: 0 | AD14: 0 | AE14: 0 | AF14: 0
A15: 0
A16: ='PANEL DE CONTROL DISTRITAL'!A15 -> 3 | B16: ='PANEL DE CONTROL DISTRITAL'!B15 -> TRANSFERENCIA | C16: ='PANEL DE CONTROL DISTRITAL'!C15 -> Responsable de Módulo | D16: ='PANEL DE CONTROL DISTRITAL'!D15 -> Transacciones exitosas = | E16: ='PANEL DE CONTROL DISTRITAL'!E15 -> (Número de Archivos de Transacción aceptados /Total de Archivos de Transacción procesados) x100 | F16: ='PANEL DE CONTROL DISTRITAL'!F15 -> Semanal (remesa) | G16: ='PANEL DE CONTROL DISTRITAL'!G15 -> 0.9 | H16: ='PANEL DE CONTROL DISTRITAL'!H16 -> Número de Archivos de Transacción aceptados | I16: 0 | J16: 533 | K16: 713 | L16: 691 | M16: 839 | N16: 777 | O16: 913 | P16: 805 | Q16: 742 | R16: 758 | S16: 495 | T16: 767 | U16: 607 | V16: 832 | W16: 742 | X16: 0 | Y16: 0 | Z16: 0 | AA16: 0 | AB16: 0 | AC16: 0 | AD16: 0 | AE16: 0 | AF16: 0 | AG16: =IFERROR(SUM(I16:AF16)/SUM(I17:AF17),0) -> 1
H17: ='PANEL DE CONTROL DISTRITAL'!H15 -> Total de Archivos de Transacción procesados | I17: 0 | J17: 533 | K17: 713 | L17: 691 | M17: 839 | N17: 777 | O17: 913 | P17: 805 | Q17: 742 | R17: 758 | S17: 495 | T17: 767 | U17: 607 | V17: 832 | W17: 742 | X17: 0 | Y17: 0 | Z17: 0 | AA17: 0 | AB17: 0 | AC17: 0 | AD17: 0 | AE17: 0 | AF17: 0
A19: ='PANEL DE CONTROL DISTRITAL'!A18 -> 4 | B19: ='PANEL DE CONTROL DISTRITAL'!B18 -> CONCILIACIÓN | C19: ='PANEL DE CONTROL DISTRITAL'!C18 -> Responsable de Módulo | D19: ='PANEL DE CONTROL DISTRITAL'!D18 -> Credenciales disponibles para entrega = | E19: ='PANEL DE CONTROL DISTRITAL'!E18 -> ((Credenciales recibidas - credenciales inconsistentes )/ Credenciales Recibidas) x 100 | F19: ='PANEL DE CONTROL DISTRITAL'!F18 -> Semanal (remesa) | G19: ='PANEL DE CONTROL DISTRITAL'!G18 -> 0.9 | H19: ='PANEL DE CONTROL DISTRITAL'!H19 -> Credenciales recibidas - credenciales inconsistentes | I19: 0 | J19: 113 | K19: 388 | L19: 270 | M19: 473 | N19: 442 | O19: 417 | P19: 358 | Q19: 404 | R19: 479 | S19: 260 | T19: 283 | U19: 422 | V19: 430 | W19: 304 | X19: 0 | Y19: 0 | Z19: 0 | AA19: 0 | AB19: 0 | AC19: 0 | AD19: 0 | AE19: 0 | AF19: 0 | AG19: =IFERROR(SUM(I16:AF16)/SUM(I17:AF17),0) -> 1
H20: ='PANEL DE CONTROL DISTRITAL'!H18 -> Credenciales Recibidas | I20: 0 | J20: 113 | K20: 388 | L20: 270 | M20: 473 | N20: 442 | O20: 417 | P20: 358 | Q20: 404 | R20: 479 | S20: 260 | T20: 283 | U20: 422 | V20: 430 | W20: 304 | X20: 0 | Y20: 0 | Z20: 0 | AA20: 0 | AB20: 0 | AC20: 0 | AD20: 0 | AE20: 0 | AF20: 0
A22: ='PANEL DE CONTROL DISTRITAL'!A21 -> 5 | B22: ='PANEL DE CONTROL DISTRITAL'!B21 -> ENTREGA | C22: ='PANEL DE CONTROL DISTRITAL'!C21 -> Operador de Equipo Tecnológico | D22: ='PANEL DE CONTROL DISTRITAL'!D21 -> Efectividad de entrega de CPV en MAC = | E22: ='PANEL DE CONTROL DISTRITAL'!E21 -> Total de credenciales entregadas – reimpresiones por error de captura en MAC)/Total de credenciales entregadas ) x 100 | F22: ='PANEL DE CONTROL DISTRITAL'!F21 -> Semanal (remesa) | G22: ='PANEL DE CONTROL DISTRITAL'!G21 -> 0.9 | H22: ='PANEL DE CONTROL DISTRITAL'!H22 -> Total de credenciales entregadas – reimpresiones por error de captura en MAC | I22: 0 | J22: 234 | K22: 307 | L22: 370 | M22: 397 | N22: 353 | O22: 510 | P22: 400 | Q22: 330 | R22: 426 | S22: 385 | T22: 344 | U22: 293 | V22: 419 | W22: 350 | X22: 0 | Y22: 0 | Z22: 0 | AA22: 0 | AB22: 0 | AC22: 0 | AD22: 0 | AE22: 0 | AF22: 0 | AG22: =IFERROR(SUM(I22:AF22)/SUM(I23:AF23),0) -> 1
H23: ='PANEL DE CONTROL DISTRITAL'!H21 -> Total de credenciales entregadas | I23: 0 | J23: 234 | K23: 307 | L23: 370 | M23: 397 | N23: 353 | O23: 510 | P23: 400 | Q23: 330 | R23: 426 | S23: 385 | T23: 344 | U23: 293 | V23: 419 | W23: 350 | X23: 0 | Y23: 0 | Z23: 0 | AA23: 0 | AB23: 0 | AC23: 0 | AD23: 0 | AE23: 0 | AF23: 0
B24: *Registre el valor nominal solicitado en la celda, el resultado proporcional esta automatizado.
I26: Semaforización
J27: Valor que requiere atención y justificación en el apartado de observaciones
J28: Valor suficiente
J29: Valor esperado
A31: ='PANEL DE CONTROL DISTRITAL'!A6 -> Número | B31: ='PANEL DE CONTROL DISTRITAL'!B6:H6 -> PROCESOS SUSTANTIVOS E INDICADORES | I31: ='210151'!I31:T32 -> CUADRO DE OBSERVACIONES
B32: ='PANEL DE CONTROL DISTRITAL'!B7:D7 -> DESCRIPCIÓN | E32: ='PANEL DE CONTROL DISTRITAL'!E7:H7 -> MEDICIÓN
B33: ='PANEL DE CONTROL DISTRITAL'!B8 -> Proceso | C33: ='PANEL DE CONTROL DISTRITAL'!C8 -> Dueño de Proceso | D33: ='PANEL DE CONTROL DISTRITAL'!D8 -> Indicador | E33: ='PANEL DE CONTROL DISTRITAL'!E8 -> Cálculo | F33: ='PANEL DE CONTROL DISTRITAL'!F8 -> Periodo | G33: ='PANEL DE CONTROL DISTRITAL'!G8 -> Estimado | H33: =AG6 -> % AVANCE REGISTRADO | I33: ='210151'!I33:N33 -> Descripción | O33: ='210151'!O33:T33 -> No conformidad
A34: ='PANEL DE CONTROL DISTRITAL'!A9 -> 1 | B34: ='PANEL DE CONTROL DISTRITAL'!B9 -> ENTREVISTA | C34: ='PANEL DE CONTROL DISTRITAL'!C9 -> Auxiliar de Atención Ciudadana | D34: ='PANEL DE CONTROL DISTRITAL'!D9 -> Efectividad de la entrevista = | E34: ='PANEL DE CONTROL DISTRITAL'!E9 -> (Número de fichas requisitadas- tramites no identificados por huella / Número de trámites aplicados) x 100 | F34: ='PANEL DE CONTROL DISTRITAL'!F9 -> Semanal (remesa) | G34: ='PANEL DE CONTROL DISTRITAL'!G9 -> 0.9 | H34: =AG10 -> 1.0011323
A37: ='PANEL DE CONTROL DISTRITAL'!A12 -> 2 | B37: ='PANEL DE CONTROL DISTRITAL'!B12 -> TRÁMITE | C37: ='PANEL DE CONTROL DISTRITAL'!C12 -> Operador de Equipo Tecnológico | D37: ='PANEL DE CONTROL DISTRITAL'!D12 -> Trámites exitosos efectivos= | E37: ='PANEL DE CONTROL DISTRITAL'!E12 -> (Número de trámites exitosos/ Número de trámites aplicados) x 100 | F37: ='PANEL DE CONTROL DISTRITAL'!F12 -> Semanal (remesa) | G37: ='PANEL DE CONTROL DISTRITAL'!G12 -> 0.9 | H37: =AG13 -> 0.99452727
A40: ='PANEL DE CONTROL DISTRITAL'!A15 -> 3 | B40: ='PANEL DE CONTROL DISTRITAL'!B15 -> TRANSFERENCIA | C40: ='PANEL DE CONTROL DISTRITAL'!C15 -> Responsable de Módulo | D40: ='PANEL DE CONTROL DISTRITAL'!D15 -> Transacciones exitosas = | E40: ='PANEL DE CONTROL DISTRITAL'!E15 -> (Número de Archivos de Transacción aceptados /Total de Archivos de Transacción procesados) x100 | F40: ='PANEL DE CONTROL DISTRITAL'!F15 -> Semanal (remesa) | G40: ='PANEL DE CONTROL DISTRITAL'!G15 -> 0.9 | H40: =AG16 -> 1
A43: ='PANEL DE CONTROL DISTRITAL'!A18 -> 4 | B43: ='PANEL DE CONTROL DISTRITAL'!B18 -> CONCILIACIÓN | C43: ='PANEL DE CONTROL DISTRITAL'!C18 -> Responsable de Módulo | D43: ='PANEL DE CONTROL DISTRITAL'!D18 -> Credenciales disponibles para entrega = | E43: ='PANEL DE CONTROL DISTRITAL'!E18 -> ((Credenciales recibidas - credenciales inconsistentes )/ Credenciales Recibidas) x 100 | F43: ='PANEL DE CONTROL DISTRITAL'!F18 -> Semanal (remesa) | G43: ='PANEL DE CONTROL DISTRITAL'!G18 -> 0.9 | H43: =AG19 -> 1
A46: ='PANEL DE CONTROL DISTRITAL'!A21 -> 5 | B46: ='PANEL DE CONTROL DISTRITAL'!B21 -> ENTREGA | C46: ='PANEL DE CONTROL DISTRITAL'!C21 -> Operador de Equipo Tecnológico | D46: ='PANEL DE CONTROL DISTRITAL'!D21 -> Efectividad de entrega de CPV en MAC = | E46: ='PANEL DE CONTROL DISTRITAL'!E21 -> Total de credenciales entregadas – reimpresiones por error de captura en MAC)/Total de credenciales entregadas ) x 100 | F46: ='PANEL DE CONTROL DISTRITAL'!F21 -> Semanal (remesa) | G46: ='PANEL DE CONTROL DISTRITAL'!G21 -> 0.9 | H46: =AG22 -> 1

Sheet 210153
A1: ='PANEL DE CONTROL DISTRITAL'!A1:Q1 -> INSTITUTO NACIONAL ELECTORAL SISTEMA DE GESTIÓN DE LA CALIDAD PUEBLA
D2: Distrito | E2: 1 | F2: Módulo | H2: 210153 | W2: ='PANEL DE CONTROL DISTRITAL'!M2 -> Fecha de corte 07 / 12 / 2020
A4: ='210151'!A4:AG4 -> TABLERO DE CONTROL DE PROCESOS SUSTANTIVOS DEL SISTEMA DE GESTIÓN DE LA CALIDAD
A6: ='PANEL DE CONTROL DISTRITAL'!A6:A8 -> Número | B6: ='PANEL DE CONTROL DISTRITAL'!B6:H6 -> PROCESOS SUSTANTIVOS E INDICADORES | I6: ='210151'!I6:AF6 -> SEMANA OPERATIVA | AG6: ='210151'!AG6:AG9 -> % AVANCE REGISTRADO
B7: ='PANEL DE CONTROL DISTRITAL'!B7:D7 -> DESCRIPCIÓN | E7: ='PANEL DE CONTROL DISTRITAL'!E7:H7 -> MEDICIÓN | I7: ='PANEL DE CONTROL DISTRITAL'!I5 -> CAMPAÑA ANUAL INTENSA 2020-2021
B9: ='PANEL DE CONTROL DISTRITAL'!B8 -> Proceso | C9: ='PANEL DE CONTROL DISTRITAL'!C8 -> Dueño de Proceso | D9: ='PANEL DE CONTROL DISTRITAL'!D8 -> Indicador | E9: ='PANEL DE CONTROL DISTRITAL'!E8 -> Cálculo | F9: ='PANEL DE CONTROL DISTRITAL'!F8 -> Periodo | G9: ='PANEL DE CONTROL DISTRITAL'!G8 -> Estimado | H9: ='PANEL DE CONTROL DISTRITAL'!H8 -> Nominativo | I9: ='210151'!I9 -> 2020-36 | J9: ='210151'!J9 -> 2020-37 | K9: ='210151'!K9 -> 2020-38 | L9: ='210151'!L9 -> 2020-39 | M9: ='210151'!M9 -> 2020-40 | N9: ='210151'!N9 -> 2020-41 | O9: ='210151'!O9 -> 2020-42 | P9: ='210151'!P9 -> 2020-43 | ... AF9: ='210151'!AF9 -> 2021-06
A10: ='PANEL DE CONTROL DISTRITAL'!A9 -> 1 | B10: ='PANEL DE CONTROL DISTRITAL'!B9 -> ENTREVISTA | C10: ='PANEL DE CONTROL DISTRITAL'!C9 -> Auxiliar de Atención Ciudadana | D10: ='PANEL DE CONTROL DISTRITAL'!D9 -> Efectividad de la entrevista = | E10: ='PANEL DE CONTROL DISTRITAL'!E9 -> (Número de fichas requisitadas- tramites no identificados por huella / Número de trámites aplicados) x 100 | F10: ='PANEL DE CONTROL DISTRITAL'!F9 -> Semanal (remesa) | G10: ='PANEL DE CONTROL DISTRITAL'!G9 -> 0.9 | H10: ='PANEL DE CONTROL DISTRITAL'!H10 -> Número de fichas requisitadas- tramites no identificados por huella | I10: 0 | J10: 0 | K10: 0 | L10: 0 | M10: 0 | N10: 0 | O10: 76 | P10: 178 | Q10: 86 | R10: 91 | S10: 69 | T10: 133 | U10: 97 | V10: 124 | W10: 124 | X10: 0 | Y10: 0 | Z10: 0 | AA10: 0 | AB10: 0 | AC10: 0 | AD10: 0 | AE10: 0 | AF10: 0 | AG10: =IFERROR(SUM(I10:AF10)/SUM(I11:AF11),0) -> 1
H11: ='PANEL DE CONTROL DISTRITAL'!H9 -> Número de trámites aplicados | I11: 0 | J11: 0 | K11: 0 | L11: 0 | M11: 0 | N11: 0 | O11: 76 | P11: 178 | Q11: 86 | R11: 91 | S11: 69 | T11: 133 | U11: 97 | V11: 124 | W11: 124 | X11: 0 | Y11: 0 | Z11: 0 | AA11: 0 | AB11: 0 | AC11: 0 | AD11: 0 | AE11: 0 | AF11: 0
A13: ='PANEL DE CONTROL DISTRITAL'!A12 -> 2 | B13: ='PANEL DE CONTROL DISTRITAL'!B12 -> TRÁMITE | C13: ='PANEL DE CONTROL DISTRITAL'!C12 -> Operador de Equipo Tecnológico | D13: ='PANEL DE CONTROL DISTRITAL'!D12 -> Trámites exitosos efectivos= | E13: ='PANEL DE CONTROL DISTRITAL'!E12 -> (Número de trámites exitosos/ Número de trámites aplicados) x 100 | F13: ='PANEL DE CONTROL DISTRITAL'!F12 -> Semanal (remesa) | G13: ='PANEL DE CONTROL DISTRITAL'!G12 -> 0.9 | H13: ='PANEL DE CONTROL DISTRITAL'!H13 -> Número de trámites exitosos | I13: 0 | J13: 0 | K13: 0 | L13: 0 | M13: 0 | N13: 0 | O13: 75 | P13: 177 | Q13: 84 | R13: 91 | S13: 69 | T13: 128 | U13: 96 | V13: 123 | W13: 123 | X13: 0 | Y13: 0 | Z13: 0 | AA13: 0 | AB13: 0 | AC13: 0 | AD13: 0 | AE13: 0 | AF13: 0 | AG13: =IFERROR(SUM(I13:AF13)/SUM(I14:AF14),0) -> 0.98773006
H14: ='PANEL DE CONTROL DISTRITAL'!H12 -> Número de trámites aplicados | I14: 0 | J14: 0 | K14: 0 | L14: 0 | M14: 0 | N14: 0 | O14: 76 | P14: 178 | Q14: 86 | R14: 91 | S14: 69 | T14: 133 | U14: 97 | V14: 124 | W14: 124 | X14: 0 | Y14: 0 | Z14: 0 | AA14: 0 | AB14: 0 | AC14: 0 | AD14: 0 | AE14: 0 | AF14: 0
A16: ='PANEL DE CONTROL DISTRITAL'!A15 -> 3 | B16: ='PANEL DE CONTROL DISTRITAL'!B15 -> TRANSFERENCIA | C16: ='PANEL DE CONTROL DISTRITAL'!C15 -> Responsable de Módulo | D16: ='PANEL DE CONTROL DISTRITAL'!D15 -> Transacciones exitosas = | E16: ='PANEL DE CONTROL DISTRITAL'!E15 -> (Número de Archivos de Transacción aceptados /Total de Archivos de Transacción procesados) x100 | F16: ='PANEL DE CONTROL DISTRITAL'!F15 -> Semanal (remesa) | G16: ='PANEL DE CONTROL DISTRITAL'!G15 -> 0.9 | H16: ='PANEL DE CONTROL DISTRITAL'!H16 -> Número de Archivos de Transacción aceptados | I16: 0 | J16: 10 | K16: 12 | L16: 34 | M16: 23 | N16: 22 | O16: 128 | P16: 221 | Q16: 229 | R16: 236 | S16: 205 | T16: 224 | U16: 199 | V16: 245 | W16: 261 | X16: 0 | Y16: 0 | Z16: 0 | AA16: 0 | AB16: 0 | AC16: 0 | AD16: 0 | AE16: 0 | AF16: 0 | AG16: =IFERROR(SUM(I16:AF16)/SUM(I17:AF17),0) -> 1
H17: ='PANEL DE CONTROL DISTRITAL'!H15 -> Total de Archivos de Transacción procesados | I17: 0 | J17: 10 | K17: 12 | L17: 34 | M17: 23 | N17: 22 | O17: 128 | P17: 221 | Q17: 229 | R17: 236 | S17: 205 | T17: 224 | U17: 199 | V17: 245 | W17: 261 | X17: 0 | Y17: 0 | Z17: 0 | AA17: 0 | AB17: 0 | AC17: 0 | AD17: 0 | AE17: 0 | AF17: 0
A19: ='PANEL DE CONTROL DISTRITAL'!A18 -> 4 | B19: ='PANEL DE CONTROL DISTRITAL'!B18 -> CONCILIACIÓN | C19: ='PANEL DE CONTROL DISTRITAL'!C18 -> Responsable de Módulo | D19: ='PANEL DE CONTROL DISTRITAL'!D18 -> Credenciales disponibles para entrega = | E19: ='PANEL DE CONTROL DISTRITAL'!E18 -> ((Credenciales recibidas - credenciales inconsistentes )/ Credenciales Recibidas) x 100 | F19: ='PANEL DE CONTROL DISTRITAL'!F18 -> Semanal (remesa) | G19: ='PANEL DE CONTROL DISTRITAL'!G18 -> 0.9 | H19: ='PANEL DE CONTROL DISTRITAL'!H19 -> Credenciales recibidas - credenciales inconsistentes | I19: 0 | J19: 0 | K19: 1 | L19: 0 | M19: 0 | N19: 0 | O19: 1 | P19: 108 | Q19: 119 | R19: 145 | S19: 65 | T19: 71 | U19: 109 | V19: 94 | W19: 141 | X19: 0 | Y19: 0 | Z19: 0 | AA19: 0 | AB19: 0 | AC19: 0 | AD19: 0 | AE19: 0 | AF19: 0 | AG19: =IFERROR(SUM(I16:AF16)/SUM(I17:AF17),0) -> 1
H20: ='PANEL DE CONTROL DISTRITAL'!H18 -> Credenciales Recibidas | I20: 0 | J20: 0 | K20: 1 | L20: 0 | M20: 0 | N20: 0 | O20: 1 | P20: 108 | Q20: 119 | R20: 145 | S20: 65 | T20: 71 | U20: 109 | V20: 94 | W20: 141 | X20: 0 | Y20: 0 | Z20: 0 | AA20: 0 | AB20: 0 | AC20: 0 | AD20: 0 | AE20: 0 | AF20: 0
A22: ='PANEL DE CONTROL DISTRITAL'!A21 -> 5 | B22: ='PANEL DE CONTROL DISTRITAL'!B21 -> ENTREGA | C22: ='PANEL DE CONTROL DISTRITAL'!C21 -> Operador de Equipo Tecnológico | D22: ='PANEL DE CONTROL DISTRITAL'!D21 -> Efectividad de entrega de CPV en MAC = | E22: ='PANEL DE CONTROL DISTRITAL'!E21 -> Total de credenciales entregadas – reimpresiones por error de captura en MAC)/Total de credenciales entregadas ) x 100 | F22: ='PANEL DE CONTROL DISTRITAL'!F21 -> Semanal (remesa) | G22: ='PANEL DE CONTROL DISTRITAL'!G21 -> 0.9 | H22: ='PANEL DE CONTROL DISTRITAL'!H22 -> Total de credenciales entregadas – reimpresiones por error de captura en MAC | I22: 0 | J22: 10 | K22: 12 | L22: 34 | M22: 23 | N22: 22 | O22: 52 | P22: 43 | Q22: 143 | R22: 145 | S22: 136 | T22: 91 | U22: 102 | V22: 121 | W22: 137 | X22: 0 | Y22: 0 | Z22: 0 | AA22: 0 | AB22: 0 | AC22: 0 | AD22: 0 | AE22: 0 | AF22: 0 | AG22: =IFERROR(SUM(I22:AF22)/SUM(I23:AF23),0) -> 1
H23: ='PANEL DE CONTROL DISTRITAL'!H21 -> Total de credenciales entregadas | I23: 0 | J23: 10 | K23: 12 | L23: 34 | M23: 23 | N23: 22 | O23: 52 | P23: 43 | Q23: 143 | R23: 145 | S23: 136 | T23: 91 | U23: 102 | V23: 121 | W23: 137 | X23: 0 | Y23: 0 | Z23: 0 | AA23: 0 | AB23: 0 | AC23: 0 | AD23: 0 | AE23: 0 | AF23: 0
B24: *Registre el valor nominal solicitado en la celda, el resultado proporcional esta automatizado.
I26: Semaforización
J27: Valor que requiere atención y justificación en el apartado de observaciones
J28: Valor suficiente
J29: Valor esperado
A31: ='PANEL DE CONTROL DISTRITAL'!A6 -> Número | B31: ='PANEL DE CONTROL DISTRITAL'!B6:H6 -> PROCESOS SUSTANTIVOS E INDICADORES | I31: ='210151'!I31:T32 -> CUADRO DE OBSERVACIONES
B32: ='PANEL DE CONTROL DISTRITAL'!B7:D7 -> DESCRIPCIÓN | E32: ='PANEL DE CONTROL DISTRITAL'!E7:H7 -> MEDICIÓN
B33: ='PANEL DE CONTROL DISTRITAL'!B8 -> Proceso | C33: ='PANEL DE CONTROL DISTRITAL'!C8 -> Dueño de Proceso | D33: ='PANEL DE CONTROL DISTRITAL'!D8 -> Indicador | E33: ='PANEL DE CONTROL DISTRITAL'!E8 -> Cálculo | F33: ='PANEL DE CONTROL DISTRITAL'!F8 -> Periodo | G33: ='PANEL DE CONTROL DISTRITAL'!G8 -> Estimado | H33: =AG6 -> % AVANCE REGISTRADO | I33: ='210151'!I33:N33 -> Descripción | O33: ='210151'!O33:T33 -> No conformidad
A34: ='PANEL DE CONTROL DISTRITAL'!A9 -> 1 | B34: ='PANEL DE CONTROL DISTRITAL'!B9 -> ENTREVISTA | C34: ='PANEL DE CONTROL DISTRITAL'!C9 -> Auxiliar de Atención Ciudadana | D34: ='PANEL DE CONTROL DISTRITAL'!D9 -> Efectividad de la entrevista = | E34: ='PANEL DE CONTROL DISTRITAL'!E9 -> (Número de fichas requisitadas- tramites no identificados por huella / Número de trámites aplicados) x 100 | F34: ='PANEL DE CONTROL DISTRITAL'!F9 -> Semanal (remesa) | G34: ='PANEL DE CONTROL DISTRITAL'!G9 -> 0.9 | H34: =AG10 -> 1
A37: ='PANEL DE CONTROL DISTRITAL'!A12 -> 2 | B37: ='PANEL DE CONTROL DISTRITAL'!B12 -> TRÁMITE | C37: ='PANEL DE CONTROL DISTRITAL'!C12 -> Operador de Equipo Tecnológico | D37: ='PANEL DE CONTROL DISTRITAL'!D12 -> Trámites exitosos efectivos= | E37: ='PANEL DE CONTROL DISTRITAL'!E12 -> (Número de trámites exitosos/ Número de trámites aplicados) x 100 | F37: ='PANEL DE CONTROL DISTRITAL'!F12 -> Semanal (remesa) | G37: ='PANEL DE CONTROL DISTRITAL'!G12 -> 0.9 | H37: =AG13 -> 0.98773006
A40: ='PANEL DE CONTROL DISTRITAL'!A15 -> 3 | B40: ='PANEL DE CONTROL DISTRITAL'!B15 -> TRANSFERENCIA | C40: ='PANEL DE CONTROL DISTRITAL'!C15 -> Responsable de Módulo | D40: ='PANEL DE CONTROL DISTRITAL'!D15 -> Transacciones exitosas = | E40: ='PANEL DE CONTROL DISTRITAL'!E15 -> (Número de Archivos de Transacción aceptados /Total de Archivos de Transacción procesados) x100 | F40: ='PANEL DE CONTROL DISTRITAL'!F15 -> Semanal (remesa) | G40: ='PANEL DE CONTROL DISTRITAL'!G15 -> 0.9 | H40: =AG16 -> 1
A43: ='PANEL DE CONTROL DISTRITAL'!A18 -> 4 | B43: ='PANEL DE CONTROL DISTRITAL'!B18 -> CONCILIACIÓN | C43: ='PANEL DE CONTROL DISTRITAL'!C18 -> Responsable de Módulo | D43: ='PANEL DE CONTROL DISTRITAL'!D18 -> Credenciales disponibles para entrega = | E43: ='PANEL DE CONTROL DISTRITAL'!E18 -> ((Credenciales recibidas - credenciales inconsistentes )/ Credenciales Recibidas) x 100 | F43: ='PANEL DE CONTROL DISTRITAL'!F18 -> Semanal (remesa) | G43: ='PANEL DE CONTROL DISTRITAL'!G18 -> 0.9 | H43: =AG19 -> 1
A46: ='PANEL DE CONTROL DISTRITAL'!A21 -> 5 | B46: ='PANEL DE CONTROL DISTRITAL'!B21 -> ENTREGA | C46: ='PANEL DE CONTROL DISTRITAL'!C21 -> Operador de Equipo Tecnológico | D46: ='PANEL DE CONTROL DISTRITAL'!D21 -> Efectividad de entrega de CPV en MAC = | E46: ='PANEL DE CONTROL DISTRITAL'!E21 -> Total de credenciales entregadas – reimpresiones por error de captura en MAC)/Total de credenciales entregadas ) x 100 | F46: ='PANEL DE CONTROL DISTRITAL'!F21 -> Semanal (remesa) | G46: ='PANEL DE CONTROL DISTRITAL'!G21 -> 0.9 | H46: =AG22 -> 1

Sheet 210154
A1: ='PANEL DE CONTROL DISTRITAL'!A1:Q1 -> INSTITUTO NACIONAL ELECTORAL SISTEMA DE GESTIÓN DE LA CALIDAD PUEBLA
D2: Distrito | E2: 1 | F2: Módulo | H2: 210154 | W2: ='PANEL DE CONTROL DISTRITAL'!M2 -> Fecha de corte 07 / 12 / 2020
A4: ='210151'!A4:AG4 -> TABLERO DE CONTROL DE PROCESOS SUSTANTIVOS DEL SISTEMA DE GESTIÓN DE LA CALIDAD
A6: ='PANEL DE CONTROL DISTRITAL'!A6:A8 -> Número | B6: ='PANEL DE CONTROL DISTRITAL'!B6:H6 -> PROCESOS SUSTANTIVOS E INDICADORES | I6: ='210151'!I6:AF6 -> SEMANA OPERATIVA | AG6: ='210151'!AG6:AG9 -> % AVANCE REGISTRADO
B7: ='PANEL DE CONTROL DISTRITAL'!B7:D7 -> DESCRIPCIÓN | E7: ='PANEL DE CONTROL DISTRITAL'!E7:H7 -> MEDICIÓN | I7: ='PANEL DE CONTROL DISTRITAL'!I5 -> CAMPAÑA ANUAL INTENSA 2020-2021
B9: ='PANEL DE CONTROL DISTRITAL'!B8 -> Proceso | C9: ='PANEL DE CONTROL DISTRITAL'!C8 -> Dueño de Proceso | D9: ='PANEL DE CONTROL DISTRITAL'!D8 -> Indicador | E9: ='PANEL DE CONTROL DISTRITAL'!E8 -> Cálculo | F9: ='PANEL DE CONTROL DISTRITAL'!F8 -> Periodo | G9: ='PANEL DE CONTROL DISTRITAL'!G8 -> Estimado | H9: ='PANEL DE CONTROL DISTRITAL'!H8 -> Nominativo | I9: ='210151'!I9 -> 2020-36 | J9: ='210151'!J9 -> 2020-37 | K9: ='210151'!K9 -> 2020-38 | L9: ='210151'!L9 -> 2020-39 | M9: ='210151'!M9 -> 2020-40 | N9: ='210151'!N9 -> 2020-41 | O9: ='210151'!O9 -> 2020-42 | P9: ='210151'!P9 -> 2020-43 | ... AF9: ='210151'!AF9 -> 2021-06
A10: ='PANEL DE CONTROL DISTRITAL'!A9 -> 1 | B10: ='PANEL DE CONTROL DISTRITAL'!B9 -> ENTREVISTA | C10: ='PANEL DE CONTROL DISTRITAL'!C9 -> Auxiliar de Atención Ciudadana | D10: ='PANEL DE CONTROL DISTRITAL'!D9 -> Efectividad de la entrevista = | E10: ='PANEL DE CONTROL DISTRITAL'!E9 -> (Número de fichas requisitadas- tramites no identificados por huella / Número de trámites aplicados) x 100 | F10: ='PANEL DE CONTROL DISTRITAL'!F9 -> Semanal (remesa) | G10: ='PANEL DE CONTROL DISTRITAL'!G9 -> 0.9 | H10: ='PANEL DE CONTROL DISTRITAL'!H10 -> Número de fichas requisitadas- tramites no identificados por huella | I10: 0 | J10: 0 | K10: 0 | L10: 0 | M10: 0 | N10: 0 | O10: 79 | P10: 149 | Q10: 129 | R10: 128 | S10: 107 | T10: 205 | U10: 167 | V10: 188 | W10: 146 | X10: 0 | Y10: 0 | Z10: 0 | AA10: 0 | AB10: 0 | AC10: 0 | AD10: 0 | AE10: 0 | AF10: 0 | AG10: =IFERROR(SUM(I10:AF10)/SUM(I11:AF11),0) -> 1
H11: ='PANEL DE CONTROL DISTRITAL'!H9 -> Número de trámites aplicados | I11: 0 | J11: 0 | K11: 0 | L11: 0 | M11: 0 | N11: 0 | O11: 79 | P11: 149 | Q11: 129 | R11: 128 | S11: 107 | T11: 205 | U11: 167 | V11: 188 | W11: 146 | X11: 0 | Y11: 0 | Z11: 0 | AA11: 0 | AB11: 0 | AC11: 0 | AD11: 0 | AE11: 0 | AF11: 0
A13: ='PANEL DE CONTROL DISTRITAL'!A12 -> 2 | B13: ='PANEL DE CONTROL DISTRITAL'!B12 -> TRÁMITE | C13: ='PANEL DE CONTROL DISTRITAL'!C12 -> Operador de Equipo Tecnológico | D13: ='PANEL DE CONTROL DISTRITAL'!D12 -> Trámites exitosos efectivos= | E13: ='PANEL DE CONTROL DISTRITAL'!E12 -> (Número de trámites exitosos/ Número de trámites aplicados) x 100 | F13: ='PANEL DE CONTROL DISTRITAL'!F12 -> Semanal (remesa) | G13: ='PANEL DE CONTROL DISTRITAL'!G12 -> 0.9 | H13: ='PANEL DE CONTROL DISTRITAL'!H13 -> Número de trámites exitosos | I13: 0 | J13: 0 | K13: 0 | L13: 0 | M13: 0 | N13: 0 | O13: 78 | P13: 149 | Q13: 128 | R13: 126 | S13: 105 | T13: 204 | U13: 164 | V13: 188 | W13: 145 | X13: 0 | Y13: 0 | Z13: 0 | AA13: 0 | AB13: 0 | AC13: 0 | AD13: 0 | AE13: 0 | AF13: 0 | AG13: =IFERROR(SUM(I13:AF13)/SUM(I14:AF14),0) -> 0.99152542
H14: ='PANEL DE CONTROL DISTRITAL'!H12 -> Número de trámites aplicados | I14: 0 | J14: 0 | K14: 0 | L14: 0 | M14: 0 | N14: 0 | O14: 79 | P14: 149 | Q14: 129 | R14: 128 | S14: 107 | T14: 205 | U14: 167 | V14: 188 | W14: 146 | X14: 0 | Y14: 0 | Z14: 0 | AA14: 0 | AB14: 0 | AC14: 0 | AD14: 0 | AE14: 0 | AF14: 0
A15: 0
A16: ='PANEL DE CONTROL DISTRITAL'!A15 -> 3 | B16: ='PANEL DE CONTROL DISTRITAL'!B15 -> TRANSFERENCIA | C16: ='PANEL DE CONTROL DISTRITAL'!C15 -> Responsable de Módulo | D16: ='PANEL DE CONTROL DISTRITAL'!D15 -> Transacciones exitosas = | E16: ='PANEL DE CONTROL DISTRITAL'!E15 -> (Número de Archivos de Transacción aceptados /Total de Archivos de Transacción procesados) x100 | F16: ='PANEL DE CONTROL DISTRITAL'!F15 -> Semanal (remesa) | G16: ='PANEL DE CONTROL DISTRITAL'!G15 -> 0.9 | H16: ='PANEL DE CONTROL DISTRITAL'!H16 -> Número de Archivos de Transacción aceptados | I16: 0 | J16: 16 | K16: 12 | L16: 15 | M16: 22 | N16: 14 | O16: 96 | P16: 184 | Q16: 208 | R16: 294 | S16: 266 | T16: 356 | U16: 343 | V16: 373 | W16: 310 | X16: 0 | Y16: 0 | Z16: 0 | AA16: 0 | AB16: 0 | AC16: 0 | AD16: 0 | AE16: 0 | AF16: 0 | AG16: =IFERROR(SUM(I16:AF16)/SUM(I17:AF17),0) -> 1
H17: ='PANEL DE CONTROL DISTRITAL'!H15 -> Total de Archivos de Transacción procesados | I17: 0 | J17: 16 | K17: 12 | L17: 15 | M17: 22 | N17: 14 | O17: 96 | P17: 184 | Q17: 208 | R17: 294 | S17: 266 | T17: 356 | U17: 343 | V17: 373 | W17: 310 | X17: 0 | Y17: 0 | Z17: 0 | AA17: 0 | AB17: 0 | AC17: 0 | AD17: 0 | AE17: 0 | AF17: 0
A19: ='PANEL DE CONTROL DISTRITAL'!A18 -> 4 | B19: ='PANEL DE CONTROL DISTRITAL'!B18 -> CONCILIACIÓN | C19: ='PANEL DE CONTROL DISTRITAL'!C18 -> Responsable de Módulo | D19: ='PANEL DE CONTROL DISTRITAL'!D18 -> Credenciales disponibles para entrega = | E19: ='PANEL DE CONTROL DISTRITAL'!E18 -> ((Credenciales recibidas - credenciales inconsistentes )/ Credenciales Recibidas) x 100 | F19: ='PANEL DE CONTROL DISTRITAL'!F18 -> Semanal (remesa) | G19: ='PANEL DE CONTROL DISTRITAL'!G18 -> 0.9 | H19: ='PANEL DE CONTROL DISTRITAL'!H19 -> Credenciales recibidas - credenciales inconsistentes | I19: 0 | J19: 0 | K19: 0 | L19: 0 | M19: 0 | N19: 0 | O19: 3 | P19: 75 | Q19: 153 | R19: 183 | S19: 83 | T19: 130 | U19: 161 | V19: 162 | W19: 207 | X19: 0 | Y19: 0 | Z19: 0 | AA19: 0 | AB19: 0 | AC19: 0 | AD19: 0 | AE19: 0 | AF19: 0 | AG19: =IFERROR(SUM(I16:AF16)/SUM(I17:AF17),0) -> 1
H20: ='PANEL DE CONTROL DISTRITAL'!H18 -> Credenciales Recibidas | I20: 0 | J20: 0 | K20: 0 | L20: 0 | M20: 0 | N20: 0 | O20: 3 | P20: 75 | Q20: 153 | R20: 183 | S20: 83 | T20: 130 | U20: 161 | V20: 162 | W20: 207 | X20: 0 | Y20: 0 | Z20: 0 | AA20: 0 | AB20: 0 | AC20: 0 | AD20: 0 | AE20: 0 | AF20: 0
A22: ='PANEL DE CONTROL DISTRITAL'!A21 -> 5 | B22: ='PANEL DE CONTROL DISTRITAL'!B21 -> ENTREGA | C22: ='PANEL DE CONTROL DISTRITAL'!C21 -> Operador de Equipo Tecnológico | D22: ='PANEL DE CONTROL DISTRITAL'!D21 -> Efectividad de entrega de CPV en MAC = | E22: ='PANEL DE CONTROL DISTRITAL'!E21 -> Total de credenciales entregadas – reimpresiones por error de captura en MAC)/Total de credenciales entregadas ) x 100 | F22: ='PANEL DE CONTROL DISTRITAL'!F21 -> Semanal (remesa) | G22: ='PANEL DE CONTROL DISTRITAL'!G21 -> 0.9 | H22: ='PANEL DE CONTROL DISTRITAL'!H22 -> Total de credenciales entregadas – reimpresiones por error de captura en MAC | I22: 0 | J22: 16 | K22: 12 | L22: 15 | M22: 22 | N22: 14 | O22: 17 | P22: 35 | Q22: 79 | R22: 166 | S22: 159 | T22: 151 | U22: 176 | V22: 185 | W22: 164 | X22: 0 | Y22: 0 | Z22: 0 | AA22: 0 | AB22: 0 | AC22: 0 | AD22: 0 | AE22: 0 | AF22: 0 | AG22: =IFERROR(SUM(I22:AF22)/SUM(I23:AF23),0) -> 1
H23: ='PANEL DE CONTROL DISTRITAL'!H21 -> Total de credenciales entregadas | I23: 0 | J23: 16 | K23: 12 | L23: 15 | M23: 22 | N23: 14 | O23: 17 | P23: 35 | Q23: 79 | R23: 166 | S23: 159 | T23: 151 | U23: 176 | V23: 185 | W23: 164 | X23: 0 | Y23: 0 | Z23: 0 | AA23: 0 | AB23: 0 | AC23: 0 | AD23: 0 | AE23: 0 | AF23: 0
B24: *Registre el valor nominal solicitado en la celda, el resultado proporcional esta automatizado.
I26: Semaforización
J27: Valor que requiere atención y justificación en el apartado de observaciones
J28: Valor suficiente
J29: Valor esperado
A31: ='PANEL DE CONTROL DISTRITAL'!A6 -> Número | B31: ='PANEL DE CONTROL DISTRITAL'!B6:H6 -> PROCESOS SUSTANTIVOS E INDICADORES | I31: ='210151'!I31:T32 -> CUADRO DE OBSERVACIONES
B32: ='PANEL DE CONTROL DISTRITAL'!B7:D7 -> DESCRIPCIÓN | E32: ='PANEL DE CONTROL DISTRITAL'!E7:H7 -> MEDICIÓN
B33: ='PANEL DE CONTROL DISTRITAL'!B8 -> Proceso | C33: ='PANEL DE CONTROL DISTRITAL'!C8 -> Dueño de Proceso | D33: ='PANEL DE CONTROL DISTRITAL'!D8 -> Indicador | E33: ='PANEL DE CONTROL DISTRITAL'!E8 -> Cálculo | F33: ='PANEL DE CONTROL DISTRITAL'!F8 -> Periodo | G33: ='PANEL DE CONTROL DISTRITAL'!G8 -> Estimado | H33: =AG6 -> % AVANCE REGISTRADO | I33: ='210151'!I33:N33 -> Descripción | O33: ='210151'!O33:T33 -> No conformidad
A34: ='PANEL DE CONTROL DISTRITAL'!A9 -> 1 | B34: ='PANEL DE CONTROL DISTRITAL'!B9 -> ENTREVISTA | C34: ='PANEL DE CONTROL DISTRITAL'!C9 -> Auxiliar de Atención Ciudadana | D34: ='PANEL DE CONTROL DISTRITAL'!D9 -> Efectividad de la entrevista = | E34: ='PANEL DE CONTROL DISTRITAL'!E9 -> (Número de fichas requisitadas- tramites no identificados por huella / Número de trámites aplicados) x 100 | F34: ='PANEL DE CONTROL DISTRITAL'!F9 -> Semanal (remesa) | G34: ='PANEL DE CONTROL DISTRITAL'!G9 -> 0.9 | H34: =AG10 -> 1
A37: ='PANEL DE CONTROL DISTRITAL'!A12 -> 2 | B37: ='PANEL DE CONTROL DISTRITAL'!B12 -> TRÁMITE | C37: ='PANEL DE CONTROL DISTRITAL'!C12 -> Operador de Equipo Tecnológico | D37: ='PANEL DE CONTROL DISTRITAL'!D12 -> Trámites exitosos efectivos= | E37: ='PANEL DE CONTROL DISTRITAL'!E12 -> (Número de trámites exitosos/ Número de trámites aplicados) x 100 | F37: ='PANEL DE CONTROL DISTRITAL'!F12 -> Semanal (remesa) | G37: ='PANEL DE CONTROL DISTRITAL'!G12 -> 0.9 | H37: =AG13 -> 0.99152542
A40: ='PANEL DE CONTROL DISTRITAL'!A15 -> 3 | B40: ='PANEL DE CONTROL DISTRITAL'!B15 -> TRANSFERENCIA | C40: ='PANEL DE CONTROL DISTRITAL'!C15 -> Responsable de Módulo | D40: ='PANEL DE CONTROL DISTRITAL'!D15 -> Transacciones exitosas = | E40: ='PANEL DE CONTROL DISTRITAL'!E15 -> (Número de Archivos de Transacción aceptados /Total de Archivos de Transacción procesados) x100 | F40: ='PANEL DE CONTROL DISTRITAL'!F15 -> Semanal (remesa) | G40: ='PANEL DE CONTROL DISTRITAL'!G15 -> 0.9 | H40: =AG16 -> 1
A43: ='PANEL DE CONTROL DISTRITAL'!A18 -> 4 | B43: ='PANEL DE CONTROL DISTRITAL'!B18 -> CONCILIACIÓN | C43: ='PANEL DE CONTROL DISTRITAL'!C18 -> Responsable de Módulo | D43: ='PANEL DE CONTROL DISTRITAL'!D18 -> Credenciales disponibles para entrega = | E43: ='PANEL DE CONTROL DISTRITAL'!E18 -> ((Credenciales recibidas - credenciales inconsistentes )/ Credenciales Recibidas) x 100 | F43: ='PANEL DE CONTROL DISTRITAL'!F18 -> Semanal (remesa) | G43: ='PANEL DE CONTROL DISTRITAL'!G18 -> 0.9 | H43: =AG19 -> 1
A46: ='PANEL DE CONTROL DISTRITAL'!A21 -> 5 | B46: ='PANEL DE CONTROL DISTRITAL'!B21 -> ENTREGA | C46: ='PANEL DE CONTROL DISTRITAL'!C21 -> Operador de Equipo Tecnológico | D46: ='PANEL DE CONTROL DISTRITAL'!D21 -> Efectividad de entrega de CPV en MAC = | E46: ='PANEL DE CONTROL DISTRITAL'!E21 -> Total de credenciales entregadas – reimpresiones por error de captura en MAC)/Total de credenciales entregadas ) x 100 | F46: ='PANEL DE CONTROL DISTRITAL'!F21 -> Semanal (remesa) | G46: ='PANEL DE CONTROL DISTRITAL'!G21 -> 0.9 | H46: =AG22 -> 1

Sheet 210155
A1: ='PANEL DE CONTROL DISTRITAL'!A1:Q1 -> INSTITUTO NACIONAL ELECTORAL SISTEMA DE GESTIÓN DE LA CALIDAD PUEBLA
D2: Distrito | E2: 1 | F2: Módulo | H2: 210155 | W2: ='PANEL DE CONTROL DISTRITAL'!M2 -> Fecha de corte 07 / 12 / 2020
A4: ='210151'!A4:AG4 -> TABLERO DE CONTROL DE PROCESOS SUSTANTIVOS DEL SISTEMA DE GESTIÓN DE LA CALIDAD
A6: ='PANEL DE CONTROL DISTRITAL'!A6:A8 -> Número | B6: ='PANEL DE CONTROL DISTRITAL'!B6:H6 -> PROCESOS SUSTANTIVOS E INDICADORES | I6: ='210151'!I6:AF6 -> SEMANA OPERATIVA | AG6: ='210151'!AG6:AG9 -> % AVANCE REGISTRADO
B7: ='PANEL DE CONTROL DISTRITAL'!B7:D7 -> DESCRIPCIÓN | E7: ='PANEL DE CONTROL DISTRITAL'!E7:H7 -> MEDICIÓN | I7: ='PANEL DE CONTROL DISTRITAL'!I5 -> CAMPAÑA ANUAL INTENSA 2020-2021
B9: ='PANEL DE CONTROL DISTRITAL'!B8 -> Proceso | C9: ='PANEL DE CONTROL DISTRITAL'!C8 -> Dueño de Proceso | D9: ='PANEL DE CONTROL DISTRITAL'!D8 -> Indicador | E9: ='PANEL DE CONTROL DISTRITAL'!E8 -> Cálculo | F9: ='PANEL DE CONTROL DISTRITAL'!F8 -> Periodo | G9: ='PANEL DE CONTROL DISTRITAL'!G8 -> Estimado | H9: ='PANEL DE CONTROL DISTRITAL'!H8 -> Nominativo | I9: ='210151'!I9 -> 2020-36 | J9: ='210151'!J9 -> 2020-37 | K9: ='210151'!K9 -> 2020-38 | L9: ='210151'!L9 -> 2020-39 | M9: ='210151'!M9 -> 2020-40 | N9: ='210151'!N9 -> 2020-41 | O9: ='210151'!O9 -> 2020-42 | P9: ='210151'!P9 -> 2020-43 | ... AF9: ='210151'!AF9 -> 2021-06
A10: ='PANEL DE CONTROL DISTRITAL'!A9 -> 1 | B10: ='PANEL DE CONTROL DISTRITAL'!B9 -> ENTREVISTA | C10: ='PANEL DE CONTROL DISTRITAL'!C9 -> Auxiliar de Atención Ciudadana | D10: ='PANEL DE CONTROL DISTRITAL'!D9 -> Efectividad de la entrevista = | E10: ='PANEL DE CONTROL DISTRITAL'!E9 -> (Número de fichas requisitadas- tramites no identificados por huella / Número de trámites aplicados) x 100 | F10: ='PANEL DE CONTROL DISTRITAL'!F9 -> Semanal (remesa) | G10: ='PANEL DE CONTROL DISTRITAL'!G9 -> 0.9 | H10: ='PANEL DE CONTROL DISTRITAL'!H10 -> Número de fichas requisitadas- tramites no identificados por huella | I10: 0 | J10: 0 | K10: 0 | L10: 0 | M10: 0 | N10: 0 | O10: 0 | P10: 0 | Q10: 0 | R10: 0 | S10: 0 | T10: 0 | U10: 0 | V10: 0 | W10: 0 | X10: 0 | Y10: 0 | Z10: 0 | AA10: 0 | AB10: 0 | AC10: 0 | AD10: 0 | AE10: 0 | AF10: 0 | AG10: =IFERROR(SUM(I10:AF10)/SUM(I11:AF11),0) -> 0
H11: ='PANEL DE CONTROL DISTRITAL'!H9 -> Número de trámites aplicados | I11: 0 | J11: 0 | K11: 0 | L11: 0 | M11: 0 | N11: 0 | O11: 0 | P11: 0 | Q11: 0 | R11: 0 | S11: 0 | T11: 0 | U11: 0 | V11: 0 | W11: 0 | X11: 0 | Y11: 0 | Z11: 0 | AA11: 0 | AB11: 0 | AC11: 0 | AD11: 0 | AE11: 0 | AF11: 0
A13: ='PANEL DE CONTROL DISTRITAL'!A12 -> 2 | B13: ='PANEL DE CONTROL DISTRITAL'!B12 -> TRÁMITE | C13: ='PANEL DE CONTROL DISTRITAL'!C12 -> Operador de Equipo Tecnológico | D13: ='PANEL DE CONTROL DISTRITAL'!D12 -> Trámites exitosos efectivos= | E13: ='PANEL DE CONTROL DISTRITAL'!E12 -> (Número de trámites exitosos/ Número de trámites aplicados) x 100 | F13: ='PANEL DE CONTROL DISTRITAL'!F12 -> Semanal (remesa) | G13: ='PANEL DE CONTROL DISTRITAL'!G12 -> 0.9 | H13: ='PANEL DE CONTROL DISTRITAL'!H13 -> Número de trámites exitosos | I13: 0 | J13: 0 | K13: 0 | L13: 0 | M13: 0 | N13: 0 | O13: 0 | P13: 0 | Q13: 0 | R13: 0 | S13: 0 | T13: 0 | U13: 0 | V13: 0 | W13: 0 | X13: 0 | Y13: 0 | Z13: 0 | AA13: 0 | AB13: 0 | AC13: 0 | AD13: 0 | AE13: 0 | AF13: 0 | AG13: =IFERROR(SUM(I13:AF13)/SUM(I14:AF14),0) -> 0
H14: ='PANEL DE CONTROL DISTRITAL'!H12 -> Número de trámites aplicados | I14: 0 | J14: 0 | K14: 0 | L14: 0 | M14: 0 | N14: 0 | O14: 0 | P14: 0 | Q14: 0 | R14: 0 | S14: 0 | T14: 0 | U14: 0 | V14: 0 | W14: 0 | X14: 0 | Y14: 0 | Z14: 0 | AA14: 0 | AB14: 0 | AC14: 0 | AD14: 0 | AE14: 0 | AF14: 0
A16: ='PANEL DE CONTROL DISTRITAL'!A15 -> 3 | B16: ='PANEL DE CONTROL DISTRITAL'!B15 -> TRANSFERENCIA | C16: ='PANEL DE CONTROL DISTRITAL'!C15 -> Responsable de Módulo | D16: ='PANEL DE CONTROL DISTRITAL'!D15 -> Transacciones exitosas = | E16: ='PANEL DE CONTROL DISTRITAL'!E15 -> (Número de Archivos de Transacción aceptados /Total de Archivos de Transacción procesados) x100 | F16: ='PANEL DE CONTROL DISTRITAL'!F15 -> Semanal (remesa) | G16: ='PANEL DE CONTROL DISTRITAL'!G15 -> 0.9 | H16: ='PANEL DE CONTROL DISTRITAL'!H16 -> Número de Archivos de Transacción aceptados | I16: 0 | J16: 6 | K16: 16 | L16: 12 | M16: 4 | N16: 4 | O16: 10 | P16: 9 | Q16: 4 | R16: 15 | S16: 15 | T16: 14 | U16: 10 | V16: 8 | W16: 6 | X16: 0 | Y16: 0 | Z16: 0 | AA16: 0 | AB16: 0 | AC16: 0 | AD16: 0 | AE16: 0 | AF16: 0 | AG16: =IFERROR(SUM(I16:AF16)/SUM(I17:AF17),0) -> 1
H17: ='PANEL DE CONTROL DISTRITAL'!H15 -> Total de Archivos de Transacción procesados | I17: 0 | J17: 6 | K17: 16 | L17: 12 | M17: 4 | N17: 4 | O17: 10 | P17: 9 | Q17: 4 | R17: 15 | S17: 15 | T17: 14 | U17: 10 | V17: 8 | W17: 6 | X17: 0 | Y17: 0 | Z17: 0 | AA17: 0 | AB17: 0 | AC17: 0 | AD17: 0 | AE17: 0 | AF17: 0
A19: ='PANEL DE CONTROL DISTRITAL'!A18 -> 4 | B19: ='PANEL DE CONTROL DISTRITAL'!B18 -> CONCILIACIÓN | C19: ='PANEL DE CONTROL DISTRITAL'!C18 -> Responsable de Módulo | D19: ='PANEL DE CONTROL DISTRITAL'!D18 -> Credenciales disponibles para entrega = | E19: ='PANEL DE CONTROL DISTRITAL'!E18 -> ((Credenciales recibidas - credenciales inconsistentes )/ Credenciales Recibidas) x 100 | F19: ='PANEL DE CONTROL DISTRITAL'!F18 -> Semanal (remesa) | G19: ='PANEL DE CONTROL DISTRITAL'!G18 -> 0.9 | H19: ='PANEL DE CONTROL DISTRITAL'!H19 -> Credenciales recibidas - credenciales inconsistentes | I19: 0 | J19: 0 | K19: 0 | L19: 0 | M19: 0 | N19: 0 | O19: 3 | P19: 0 | Q19: 0 | R19: 0 | S19: 0 | T19: 0 | U19: 0 | V19: 0 | W19: 0 | X19: 0 | Y19: 0 | Z19: 0 | AA19: 0 | AB19: 0 | AC19: 0 | AD19: 0 | AE19: 0 | AF19: 0 | AG19: =IFERROR(SUM(I16:AF16)/SUM(I17:AF17),0) -> 1
H20: ='PANEL DE CONTROL DISTRITAL'!H18 -> Credenciales Recibidas | I20: 0 | J20: 0 | K20: 0 | L20: 0 | M20: 0 | N20: 0 | O20: 3 | P20: 0 | Q20: 0 | R20: 0 | S20: 0 | T20: 0 | U20: 0 | V20: 0 | W20: 0 | X20: 0 | Y20: 0 | Z20: 0 | AA20: 0 | AB20: 0 | AC20: 0 | AD20: 0 | AE20: 0 | AF20: 0
A22: ='PANEL DE CONTROL DISTRITAL'!A21 -> 5 | B22: ='PANEL DE CONTROL DISTRITAL'!B21 -> ENTREGA | C22: ='PANEL DE CONTROL DISTRITAL'!C21 -> Operador de Equipo Tecnológico | D22: ='PANEL DE CONTROL DISTRITAL'!D21 -> Efectividad de entrega de CPV en MAC = | E22: ='PANEL DE CONTROL DISTRITAL'!E21 -> Total de credenciales entregadas – reimpresiones por error de captura en MAC)/Total de credenciales entregadas ) x 100 | F22: ='PANEL DE CONTROL DISTRITAL'!F21 -> Semanal (remesa) | G22: ='PANEL DE CONTROL DISTRITAL'!G21 -> 0.9 | H22: ='PANEL DE CONTROL DISTRITAL'!H22 -> Total de credenciales entregadas – reimpresiones por error de captura en MAC | I22: 0 | J22: 6 | K22: 16 | L22: 12 | M22: 4 | N22: 4 | O22: 10 | P22: 9 | Q22: 4 | R22: 15 | S22: 15 | T22: 14 | U22: 10 | V22: 8 | W22: 6 | X22: 0 | Y22: 0 | Z22: 0 | AA22: 0 | AB22: 0 | AC22: 0 | AD22: 0 | AE22: 0 | AF22: 0 | AG22: =IFERROR(SUM(I22:AF22)/SUM(I23:AF23),0) -> 1
H23: ='PANEL DE CONTROL DISTRITAL'!H21 -> Total de credenciales entregadas | I23: 0 | J23: 6 | K23: 16 | L23: 12 | M23: 4 | N23: 4 | O23: 10 | P23: 9 | Q23: 4 | R23: 15 | S23: 15 | T23: 14 | U23: 10 | V23: 8 | W23: 6 | X23: 0 | Y23: 0 | Z23: 0 | AA23: 0 | AB23: 0 | AC23: 0 | AD23: 0 | AE23: 0 | AF23: 0
B24: *Registre el valor nominal solicitado en la celda, el resultado proporcional esta automatizado.
I26: Semaforización
J27: Valor que requiere atención y justificación en el apartado de observaciones
J28: Valor suficiente
J29: Valor esperado
A31: ='PANEL DE CONTROL DISTRITAL'!A6 -> Número | B31: ='PANEL DE CONTROL DISTRITAL'!B6:H6 -> PROCESOS SUSTANTIVOS E INDICADORES | I31: ='210151'!I31:T32 -> CUADRO DE OBSERVACIONES
B32: ='PANEL DE CONTROL DISTRITAL'!B7:D7 -> DESCRIPCIÓN | E32: ='PANEL DE CONTROL DISTRITAL'!E7:H7 -> MEDICIÓN
B33: ='PANEL DE CONTROL DISTRITAL'!B8 -> Proceso | C33: ='PANEL DE CONTROL DISTRITAL'!C8 -> Dueño de Proceso | D33: ='PANEL DE CONTROL DISTRITAL'!D8 -> Indicador | E33: ='PANEL DE CONTROL DISTRITAL'!E8 -> Cálculo | F33: ='PANEL DE CONTROL DISTRITAL'!F8 -> Periodo | G33: ='PANEL DE CONTROL DISTRITAL'!G8 -> Estimado | H33: =AG6 -> % AVANCE REGISTRADO | I33: ='210151'!I33:N33 -> Descripción | O33: ='210151'!O33:T33 -> No conformidad
A34: ='PANEL DE CONTROL DISTRITAL'!A9 -> 1 | B34: ='PANEL DE CONTROL DISTRITAL'!B9 -> ENTREVISTA | C34: ='PANEL DE CONTROL DISTRITAL'!C9 -> Auxiliar de Atención Ciudadana | D34: ='PANEL DE CONTROL DISTRITAL'!D9 -> Efectividad de la entrevista = | E34: ='PANEL DE CONTROL DISTRITAL'!E9 -> (Número de fichas requisitadas- tramites no identificados por huella / Número de trámites aplicados) x 100 | F34: ='PANEL DE CONTROL DISTRITAL'!F9 -> Semanal (remesa) | G34: ='PANEL DE CONTROL DISTRITAL'!G9 -> 0.9 | H34: =AG10 -> 0
A37: ='PANEL DE CONTROL DISTRITAL'!A12 -> 2 | B37: ='PANEL DE CONTROL DISTRITAL'!B12 -> TRÁMITE | C37: ='PANEL DE CONTROL DISTRITAL'!C12 -> Operador de Equipo Tecnológico | D37: ='PANEL DE CONTROL DISTRITAL'!D12 -> Trámites exitosos efectivos= | E37: ='PANEL DE CONTROL DISTRITAL'!E12 -> (Número de trámites exitosos/ Número de trámites aplicados) x 100 | F37: ='PANEL DE CONTROL DISTRITAL'!F12 -> Semanal (remesa) | G37: ='PANEL DE CONTROL DISTRITAL'!G12 -> 0.9 | H37: =AG13 -> 0
A40: ='PANEL DE CONTROL DISTRITAL'!A15 -> 3 | B40: ='PANEL DE CONTROL DISTRITAL'!B15 -> TRANSFERENCIA | C40: ='PANEL DE CONTROL DISTRITAL'!C15 -> Responsable de Módulo | D40: ='PANEL DE CONTROL DISTRITAL'!D15 -> Transacciones exitosas = | E40: ='PANEL DE CONTROL DISTRITAL'!E15 -> (Número de Archivos de Transacción aceptados /Total de Archivos de Transacción procesados) x100 | F40: ='PANEL DE CONTROL DISTRITAL'!F15 -> Semanal (remesa) | G40: ='PANEL DE CONTROL DISTRITAL'!G15 -> 0.9 | H40: =AG16 -> 1
A43: ='PANEL DE CONTROL DISTRITAL'!A18 -> 4 | B43: ='PANEL DE CONTROL DISTRITAL'!B18 -> CONCILIACIÓN | C43: ='PANEL DE CONTROL DISTRITAL'!C18 -> Responsable de Módulo | D43: ='PANEL DE CONTROL DISTRITAL'!D18 -> Credenciales disponibles para entrega = | E43: ='PANEL DE CONTROL DISTRITAL'!E18 -> ((Credenciales recibidas - credenciales inconsistentes )/ Credenciales Recibidas) x 100 | F43: ='PANEL DE CONTROL DISTRITAL'!F18 -> Semanal (remesa) | G43: ='PANEL DE CONTROL DISTRITAL'!G18 -> 0.9 | H43: =AG19 -> 1
A46: ='PANEL DE CONTROL DISTRITAL'!A21 -> 5 | B46: ='PANEL DE CONTROL DISTRITAL'!B21 -> ENTREGA | C46: ='PANEL DE CONTROL DISTRITAL'!C21 -> Operador de Equipo Tecnológico | D46: ='PANEL DE CONTROL DISTRITAL'!D21 -> Efectividad de entrega de CPV en MAC = | E46: ='PANEL DE CONTROL DISTRITAL'!E21 -> Total de credenciales entregadas – reimpresiones por error de captura en MAC)/Total de credenciales entregadas ) x 100 | F46: ='PANEL DE CONTROL DISTRITAL'!F21 -> Semanal (remesa) | G46: ='PANEL DE CONTROL DISTRITAL'!G21 -> 0.9 | H46: =AG22 -> 1

Sheet 210251
A1: ='PANEL DE CONTROL DISTRITAL'!A1:Q1 -> INSTITUTO NACIONAL ELECTORAL SISTEMA DE GESTIÓN DE LA CALIDAD PUEBLA
D2: Distrito | E2: 1 | F2: Módulo | H2: 210251 | W2: ='PANEL DE CONTROL DISTRITAL'!M2 -> Fecha de corte 07 / 12 / 2020
A4: TABLERO DE CONTROL DE PROCESOS SUSTANTIVOS DEL SISTEMA DE GESTIÓN DE LA CALIDAD
A6: ='PANEL DE CONTROL DISTRITAL'!A6:A8 -> Número | B6: ='PANEL DE CONTROL DISTRITAL'!B6:H6 -> PROCESOS SUSTANTIVOS E INDICADORES | I6: SEMANA OPERATIVA | AG6: % AVANCE REGISTRADO
B7: ='PANEL DE CONTROL DISTRITAL'!B7:D7 -> DESCRIPCIÓN | E7: ='PANEL DE CONTROL DISTRITAL'!E7:H7 -> MEDICIÓN | I7: ='PANEL DE CONTROL DISTRITAL'!I5 -> CAMPAÑA ANUAL INTENSA 2020-2021
B9: ='PANEL DE CONTROL DISTRITAL'!B8 -> Proceso | C9: ='PANEL DE CONTROL DISTRITAL'!C8 -> Dueño de Proceso | D9: ='PANEL DE CONTROL DISTRITAL'!D8 -> Indicador | E9: ='PANEL DE CONTROL DISTRITAL'!E8 -> Cálculo | F9: ='PANEL DE CONTROL DISTRITAL'!F8 -> Periodo | G9: ='PANEL DE CONTROL DISTRITAL'!G8 -> Estimado | H9: ='PANEL DE CONTROL DISTRITAL'!H8 -> Nominativo | I9: ='210151'!I9 -> 2020-36 | J9: ='210151'!J9 -> 2020-37 | K9: ='210151'!K9 -> 2020-38 | L9: ='210151'!L9 -> 2020-39 | M9: ='210151'!M9 -> 2020-40 | N9: ='210151'!N9 -> 2020-41 | O9: ='210151'!O9 -> 2020-42 | P9: ='210151'!P9 -> 2020-43 | ... AF9: ='210151'!AF9 -> 2021-06
A10: ='PANEL DE CONTROL DISTRITAL'!A9 -> 1 | B10: ='PANEL DE CONTROL DISTRITAL'!B9 -> ENTREVISTA | C10: ='PANEL DE CONTROL DISTRITAL'!C9 -> Auxiliar de Atención Ciudadana | D10: ='PANEL DE CONTROL DISTRITAL'!D9 -> Efectividad de la entrevista = | E10: ='PANEL DE CONTROL DISTRITAL'!E9 -> (Número de fichas requisitadas- tramites no identificados por huella / Número de trámites aplicados) x 100 | F10: ='PANEL DE CONTROL DISTRITAL'!F9 -> Semanal (remesa) | G10: ='PANEL DE CONTROL DISTRITAL'!G9 -> 0.9 | H10: ='PANEL DE CONTROL DISTRITAL'!H10 -> Número de fichas requisitadas- tramites no identificados por huella | I10: 67 | J10: 232 | K10: 280 | L10: 227 | M10: 277 | N10: 326 | O10: 334 | P10: 260 | Q10: 323 | R10: 321 | S10: 262 | T10: 384 | U10: 280 | V10: 368 | W10: 433 | X10: 0 | Y10: 0 | Z10: 0 | AA10: 0 | AB10: 0 | AC10: 0 | AD10: 0 | AE10: 0 | AF10: 0 | AG10: =IFERROR(SUM(I10:AF10)/SUM(I11:AF11),0) -> 0.95252613
H11: ='PANEL DE CONTROL DISTRITAL'!H9 -> Número de trámites aplicados | I11: 67 | J11: 232 | K11: 280 | L11: 227 | M11: 277 | N11: 326 | O11: 334 | P11: 260 | Q11: 323 | R11: 321 | S11: 310 | T11: 445 | U11: 336 | V11: 421 | W11: 433 | X11: 0 | Y11: 0 | Z11: 0 | AA11: 0 | AB11: 0 | AC11: 0 | AD11: 0 | AE11: 0 | AF11: 0
A13: ='PANEL DE CONTROL DISTRITAL'!A12 -> 2 | B13: ='PANEL DE CONTROL DISTRITAL'!B12 -> TRÁMITE | C13: ='PANEL DE CONTROL DISTRITAL'!C12 -> Operador de Equipo Tecnológico | D13: ='PANEL DE CONTROL DISTRITAL'!D12 -> Trámites exitosos efectivos= | E13: ='PANEL DE CONTROL DISTRITAL'!E12 -> (Número de trámites exitosos/ Número de trámites aplicados) x 100 | F13: ='PANEL DE CONTROL DISTRITAL'!F12 -> Semanal (remesa) | G13: ='PANEL DE CONTROL DISTRITAL'!G12 -> 0.9 | H13: ='PANEL DE CONTROL DISTRITAL'!H13 -> Número de trámites exitosos | I13: 67 | J13: 230 | K13: 276 | L13: 223 | M13: 272 | N13: 322 | O13: 329 | P13: 255 | Q13: 318 | R13: 319 | S13: 303 | T13: 439 | U13: 335 | V13: 419 | W13: 429 | X13: 0 | Y13: 0 | Z13: 0 | AA13: 0 | AB13: 0 | AC13: 0 | AD13: 0 | AE13: 0 | AF13: 0 | AG13: =IFERROR(SUM(I13:AF13)/SUM(I14:AF14),0) -> 0.98780488
H14: ='PANEL DE CONTROL DISTRITAL'!H12 -> Número de trámites aplicados | I14: 67 | J14: 232 | K14: 280 | L14: 227 | M14: 277 | N14: 326 | O14: 334 | P14: 260 | Q14: 323 | R14: 321 | S14: 310 | T14: 445 | U14: 336 | V14: 421 | W14: 433 | X14: 0 | Y14: 0 | Z14: 0 | AA14: 0 | AB14: 0 | AC14: 0 | AD14: 0 | AE14: 0 | AF14: 0
A16: ='PANEL DE CONTROL DISTRITAL'!A15 -> 3 | B16: ='PANEL DE CONTROL DISTRITAL'!B15 -> TRANSFERENCIA | C16: ='PANEL DE CONTROL DISTRITAL'!C15 -> Responsable de Módulo | D16: ='PANEL DE CONTROL DISTRITAL'!D15 -> Transacciones exitosas = | E16: ='PANEL DE CONTROL DISTRITAL'!E15 -> (Número de Archivos de Transacción aceptados /Total de Archivos de Transacción procesados) x100 | F16: ='PANEL DE CONTROL DISTRITAL'!F15 -> Semanal (remesa) | G16: ='PANEL DE CONTROL DISTRITAL'!G15 -> 0.9 | H16: ='PANEL DE CONTROL DISTRITAL'!H16 -> Número de Archivos de Transacción aceptados | I16: 98 | J16: 368 | K16: 476 | L16: 402 | M16: 507 | N16: 578 | O16: 668 | P16: 724 | Q16: 746 | R16: 633 | S16: 621 | T16: 445 | U16: 702 | V16: 837 | W16: 848 | X16: 0 | Y16: 0 | Z16: 0 | AA16: 0 | AB16: 0 | AC16: 0 | AD16: 0 | AE16: 0 | AF16: 0 | AG16: =IFERROR(SUM(I16:AF16)/SUM(I17:AF17),0) -> 1
H17: ='PANEL DE CONTROL DISTRITAL'!H15 -> Total de Archivos de Transacción procesados | I17: 98 | J17: 368 | K17: 476 | L17: 402 | M17: 507 | N17: 578 | O17: 668 | P17: 724 | Q17: 746 | R17: 633 | S17: 621 | T17: 445 | U17: 702 | V17: 837 | W17: 848 | X17: 0 | Y17: 0 | Z17: 0 | AA17: 0 | AB17: 0 | AC17: 0 | AD17: 0 | AE17: 0 | AF17: 0
A19: ='PANEL DE CONTROL DISTRITAL'!A18 -> 4 | B19: ='PANEL DE CONTROL DISTRITAL'!B18 -> CONCILIACIÓN | C19: ='PANEL DE CONTROL DISTRITAL'!C18 -> Responsable de Módulo | D19: ='PANEL DE CONTROL DISTRITAL'!D18 -> Credenciales disponibles para entrega = | E19: ='PANEL DE CONTROL DISTRITAL'!E18 -> ((Credenciales recibidas - credenciales inconsistentes )/ Credenciales Recibidas) x 100 | F19: ='PANEL DE CONTROL DISTRITAL'!F18 -> Semanal (remesa) | G19: ='PANEL DE CONTROL DISTRITAL'!G18 -> 0.9 | H19: ='PANEL DE CONTROL DISTRITAL'!H19 -> Credenciales recibidas - credenciales inconsistentes | I19: 248 | J19: 60 | K19: 399 | L19: 248 | M19: 222 | N19: 315 | O19: 321 | P19: 328 | Q19: 142 | R19: 250 | S19: 524 | T19: 313 | U19: 246 | V19: 547 | W19: 306 | X19: 0 | Y19: 0 | Z19: 0 | AA19: 0 | AB19: 0 | AC19: 0 | AD19: 0 | AE19: 0 | AF19: 0 | AG19: =IFERROR(SUM(I16:AF16)/SUM(I17:AF17),0) -> 1
H20: ='PANEL DE CONTROL DISTRITAL'!H18 -> Credenciales Recibidas | I20: 248 | J20: 60 | K20: 399 | L20: 248 | M20: 222 | N20: 315 | O20: 321 | P20: 328 | Q20: 142 | R20: 250 | S20: 524 | T20: 313 | U20: 246 | V20: 547 | W20: 306 | X20: 0 | Y20: 0 | Z20: 0 | AA20: 0 | AB20: 0 | AC20: 0 | AD20: 0 | AE20: 0 | AF20: 0
A22: ='PANEL DE CONTROL DISTRITAL'!A21 -> 5 | B22: ='PANEL DE CONTROL DISTRITAL'!B21 -> ENTREGA | C22: ='PANEL DE CONTROL DISTRITAL'!C21 -> Operador de Equipo Tecnológico | D22: ='PANEL DE CONTROL DISTRITAL'!D21 -> Efectividad de entrega de CPV en MAC = | E22: ='PANEL DE CONTROL DISTRITAL'!E21 -> Total de credenciales entregadas – reimpresiones por error de captura en MAC)/Total de credenciales entregadas ) x 100 | F22: ='PANEL DE CONTROL DISTRITAL'!F21 -> Semanal (remesa) | G22: ='PANEL DE CONTROL DISTRITAL'!G21 -> 0.9 | H22: ='PANEL DE CONTROL DISTRITAL'!H22 -> Total de credenciales entregadas – reimpresiones por error de captura en MAC | I22: 31 | J22: 136 | K22: 196 | L22: 175 | M22: 230 | N22: 252 | O22: 334 | P22: 464 | Q22: 423 | R22: 312 | S22: 311 | T22: 357 | U22: 366 | V22: 416 | W22: 415 | X22: 0 | Y22: 0 | Z22: 0 | AA22: 0 | AB22: 0 | AC22: 0 | AD22: 0 | AE22: 0 | AF22: 0 | AG22: =IFERROR(SUM(I22:AF22)/SUM(I23:AF23),0) -> 1
H23: ='PANEL DE CONTROL DISTRITAL'!H21 -> Total de credenciales entregadas | I23: 31 | J23: 136 | K23: 196 | L23: 175 | M23: 230 | N23: 252 | O23: 334 | P23: 464 | Q23: 423 | R23: 312 | S23: 311 | T23: 357 | U23: 366 | V23: 416 | W23: 415 | X23: 0 | Y23: 0 | Z23: 0 | AA23: 0 | AB23: 0 | AC23: 0 | AD23: 0 | AE23: 0 | AF23: 0
B24: *Registre el valor nominal solicitado en la celda, el resultado proporcional esta automatizado.
I26: Semaforización
J27: Valor que requiere atención y justificación en el apartado de observaciones
J28: Valor suficiente
J29: Valor esperado
A31: ='PANEL DE CONTROL DISTRITAL'!A6 -> Número | B31: ='PANEL DE CONTROL DISTRITAL'!B6:H6 -> PROCESOS SUSTANTIVOS E INDICADORES | I31: CUADRO DE OBSERVACIONES
B32: ='PANEL DE CONTROL DISTRITAL'!B7:D7 -> DESCRIPCIÓN | E32: ='PANEL DE CONTROL DISTRITAL'!E7:H7 -> MEDICIÓN
B33: ='PANEL DE CONTROL DISTRITAL'!B8 -> Proceso | C33: ='PANEL DE CONTROL DISTRITAL'!C8 -> Dueño de Proceso | D33: ='PANEL DE CONTROL DISTRITAL'!D8 -> Indicador | E33: ='PANEL DE CONTROL DISTRITAL'!E8 -> Cálculo | F33: ='PANEL DE CONTROL DISTRITAL'!F8 -> Periodo | G33: ='PANEL DE CONTROL DISTRITAL'!G8 -> Estimado | H33: =AG6 -> % AVANCE REGISTRADO | I33: Descripción | O33: No conformidad
A34: ='PANEL DE CONTROL DISTRITAL'!A9 -> 1 | B34: ='PANEL DE CONTROL DISTRITAL'!B9 -> ENTREVISTA | C34: ='PANEL DE CONTROL DISTRITAL'!C9 -> Auxiliar de Atención Ciudadana | D34: ='PANEL DE CONTROL DISTRITAL'!D9 -> Efectividad de la entrevista = | E34: ='PANEL DE CONTROL DISTRITAL'!E9 -> (Número de fichas requisitadas- tramites no identificados por huella / Número de trámites aplicados) x 100 | F34: ='PANEL DE CONTROL DISTRITAL'!F9 -> Semanal (remesa) | G34: ='PANEL DE CONTROL DISTRITAL'!G9 -> 0.9 | H34: =AG10 -> 0.95252613
A37: ='PANEL DE CONTROL DISTRITAL'!A12 -> 2 | B37: ='PANEL DE CONTROL DISTRITAL'!B12 -> TRÁMITE | C37: ='PANEL DE CONTROL DISTRITAL'!C12 -> Operador de Equipo Tecnológico | D37: ='PANEL DE CONTROL DISTRITAL'!D12 -> Trámites exitosos efectivos= | E37: ='PANEL DE CONTROL DISTRITAL'!E12 -> (Número de trámites exitosos/ Número de trámites aplicados) x 100 | F37: ='PANEL DE CONTROL DISTRITAL'!F12 -> Semanal (remesa) | G37: ='PANEL DE CONTROL DISTRITAL'!G12 -> 0.9 | H37: =AG13 -> 0.98780488
A40: ='PANEL DE CONTROL DISTRITAL'!A15 -> 3 | B40: ='PANEL DE CONTROL DISTRITAL'!B15 -> TRANSFERENCIA | C40: ='PANEL DE CONTROL DISTRITAL'!C15 -> Responsable de Módulo | D40: ='PANEL DE CONTROL DISTRITAL'!D15 -> Transacciones exitosas = | E40: ='PANEL DE CONTROL DISTRITAL'!E15 -> (Número de Archivos de Transacción aceptados /Total de Archivos de Transacción procesados) x100 | F40: ='PANEL DE CONTROL DISTRITAL'!F15 -> Semanal (remesa) | G40: ='PANEL DE CONTROL DISTRITAL'!G15 -> 0.9 | H40: =AG16 -> 1
A43: ='PANEL DE CONTROL DISTRITAL'!A18 -> 4 | B43: ='PANEL DE CONTROL DISTRITAL'!B18 -> CONCILIACIÓN | C43: ='PANEL DE CONTROL DISTRITAL'!C18 -> Responsable de Módulo | D43: ='PANEL DE CONTROL DISTRITAL'!D18 -> Credenciales disponibles para entrega = | E43: ='PANEL DE CONTROL DISTRITAL'!E18 -> ((Credenciales recibidas - credenciales inconsistentes )/ Credenciales Recibidas) x 100 | F43: ='PANEL DE CONTROL DISTRITAL'!F18 -> Semanal (remesa) | G43: ='PANEL DE CONTROL DISTRITAL'!G18 -> 0.9 | H43: =AG19 -> 1
A46: ='PANEL DE CONTROL DISTRITAL'!A21 -> 5 | B46: ='PANEL DE CONTROL DISTRITAL'!B21 -> ENTREGA | C46: ='PANEL DE CONTROL DISTRITAL'!C21 -> Operador de Equipo Tecnológico | D46: ='PANEL DE CONTROL DISTRITAL'!D21 -> Efectividad de entrega de CPV en MAC = | E46: ='PANEL DE CONTROL DISTRITAL'!E21 -> Total de credenciales entregadas – reimpresiones por error de captura en MAC)/Total de credenciales entregadas ) x 100 | F46: ='PANEL DE CONTROL DISTRITAL'!F21 -> Semanal (remesa) | G46: ='PANEL DE CONTROL DISTRITAL'!G21 -> 0.9 | H46: =AG22 -> 1

Sheet 210252 
A1: ='PANEL DE CONTROL DISTRITAL'!A1:Q1 -> INSTITUTO NACIONAL ELECTORAL SISTEMA DE GESTIÓN DE LA CALIDAD PUEBLA
D2: Distrito | E2: 1 | F2: Módulo | H2: 210252 | W2: ='PANEL DE CONTROL DISTRITAL'!M2 -> Fecha de corte 07 / 12 / 2020
A4: ='210251'!A4:AG4 -> TABLERO DE CONTROL DE PROCESOS SUSTANTIVOS DEL SISTEMA DE GESTIÓN DE LA CALIDAD
A6: ='PANEL DE CONTROL DISTRITAL'!A6:A8 -> Número | B6: ='PANEL DE CONTROL DISTRITAL'!B6:H6 -> PROCESOS SUSTANTIVOS E INDICADORES | I6: ='210251'!I6:AF6 -> SEMANA OPERATIVA | AG6: ='210251'!AG6:AG9 -> % AVANCE REGISTRADO
B7: ='PANEL DE CONTROL DISTRITAL'!B7:D7 -> DESCRIPCIÓN | E7: ='PANEL DE CONTROL DISTRITAL'!E7:H7 -> MEDICIÓN | I7: ='PANEL DE CONTROL DISTRITAL'!I5 -> CAMPAÑA ANUAL INTENSA 2020-2021
B9: ='PANEL DE CONTROL DISTRITAL'!B8 -> Proceso | C9: ='PANEL DE CONTROL DISTRITAL'!C8 -> Dueño de Proceso | D9: ='PANEL DE CONTROL DISTRITAL'!D8 -> Indicador | E9: ='PANEL DE CONTROL DISTRITAL'!E8 -> Cálculo | F9: ='PANEL DE CONTROL DISTRITAL'!F8 -> Periodo | G9: ='PANEL DE CONTROL DISTRITAL'!G8 -> Estimado | H9: ='PANEL DE CONTROL DISTRITAL'!H8 -> Nominativo | I9: ='210251'!I9 -> 2020-36 | J9: ='210251'!J9 -> 2020-37 | K9: ='210251'!K9 -> 2020-38 | L9: ='210251'!L9 -> 2020-39 | M9: ='210251'!M9 -> 2020-40 | N9: ='210251'!N9 -> 2020-41 | O9: ='210251'!O9 -> 2020-42 | P9: ='210251'!P9 -> 2020-43 | ... AF9: ='210251'!AF9 -> 2021-06
A10: ='PANEL DE CONTROL DISTRITAL'!A9 -> 1 | B10: ='PANEL DE CONTROL DISTRITAL'!B9 -> ENTREVISTA | C10: ='PANEL DE CONTROL DISTRITAL'!C9 -> Auxiliar de Atención Ciudadana | D10: ='PANEL DE CONTROL DISTRITAL'!D9 -> Efectividad de la entrevista = | E10: ='PANEL DE CONTROL DISTRITAL'!E9 -> (Número de fichas requisitadas- tramites no identificados por huella / Número de trámites aplicados) x 100 | F10: ='PANEL DE CONTROL DISTRITAL'!F9 -> Semanal (remesa) | G10: ='PANEL DE CONTROL DISTRITAL'!G9 -> 0.9 | H10: ='PANEL DE CONTROL DISTRITAL'!H10 -> Número de fichas requisitadas- tramites no identificados por huella | I10: 0 | J10: 0 | K10: 0 | L10: 0 | M10: 0 | N10: 0 | O10: 0 | P10: 0 | Q10: 0 | R10: 0 | S10: 0 | T10: 0 | U10: 0 | V10: 0 | W10: 0 | X10: 0 | Y10: 0 | Z10: 0 | AA10: 0 | AB10: 0 | AC10: 0 | AD10: 0 | AE10: 0 | AF10: 0 | AG10: =IFERROR(SUM(I10:AF10)/SUM(I11:AF11),0) -> 0
H11: ='PANEL DE CONTROL DISTRITAL'!H9 -> Número de trámites aplicados | I11: 0 | J11: 0 | K11: 0 | L11: 0 | M11: 0 | N11: 0 | O11: 0 | P11: 0 | Q11: 0 | R11: 0 | S11: 0 | T11: 0 | U11: 0 | V11: 0 | W11: 0 | X11: 0 | Y11: 0 | Z11: 0 | AA11: 0 | AB11: 0 | AC11: 0 | AD11: 0 | AE11: 0 | AF11: 0
A13: ='PANEL DE CONTROL DISTRITAL'!A12 -> 2 | B13: ='PANEL DE CONTROL DISTRITAL'!B12 -> TRÁMITE | C13: ='PANEL DE CONTROL DISTRITAL'!C12 -> Operador de Equipo Tecnológico | D13: ='PANEL DE CONTROL DISTRITAL'!D12 -> Trámites exitosos efectivos= | E13: ='PANEL DE CONTROL DISTRITAL'!E12 -> (Número de trámites exitosos/ Número de trámites aplicados) x 100 | F13: ='PANEL DE CONTROL DISTRITAL'!F12 -> Semanal (remesa) | G13: ='PANEL DE CONTROL DISTRITAL'!G12 -> 0.9 | H13: ='PANEL DE CONTROL DISTRITAL'!H13 -> Número de trámites exitosos | I13: 0 | J13: 0 | K13: 0 | L13: 0 | M13: 0 | N13: 0 | O13: 147 | P13: 255 | Q13: 221 | R13: 174 | S13: 126 | T13: 167 | U13: 142 | V13: 179 | W13: 180 | X13: 0 | Y13: 0 | Z13: 0 | AA13: 0 | AB13: 0 | AC13: 0 | AD13: 0 | AE13: 0 | AF13: 0 | AG13: =IFERROR(SUM(I13:AF13)/SUM(I14:AF14),0) -> 0.96424242
H14: ='PANEL DE CONTROL DISTRITAL'!H12 -> Número de trámites aplicados | I14: 0 | J14: 0 | K14: 0 | L14: 0 | M14: 0 | N14: 0 | O14: 147 | P14: 257 | Q14: 221 | R14: 175 | S14: 127 | T14: 215 | U14: 145 | V14: 181 | W14: 182 | X14: 0 | Y14: 0 | Z14: 0 | AA14: 0 | AB14: 0 | AC14: 0 | AD14: 0 | AE14: 0 | AF14: 0
A16: ='PANEL DE CONTROL DISTRITAL'!A15 -> 3 | B16: ='PANEL DE CONTROL DISTRITAL'!B15 -> TRANSFERENCIA | C16: ='PANEL DE CONTROL DISTRITAL'!C15 -> Responsable de Módulo | D16: ='PANEL DE CONTROL DISTRITAL'!D15 -> Transacciones exitosas = | E16: ='PANEL DE CONTROL DISTRITAL'!E15 -> (Número de Archivos de Transacción aceptados /Total de Archivos de Transacción procesados) x100 | F16: ='PANEL DE CONTROL DISTRITAL'!F15 -> Semanal (remesa) | G16: ='PANEL DE CONTROL DISTRITAL'!G15 -> 0.9 | H16: ='PANEL DE CONTROL DISTRITAL'!H16 -> Número de Archivos de Transacción aceptados | I16: 10 | J16: 13 | K16: 13 | L16: 16 | M16: 12 | N16: 14 | O16: 208 | P16: 339 | Q16: 514 | R16: 364 | S16: 340 | T16: 382 | U16: 279 | V16: 365 | W16: 341 | X16: 0 | Y16: 0 | Z16: 0 | AA16: 0 | AB16: 0 | AC16: 0 | AD16: 0 | AE16: 0 | AF16: 0 | AG16: =IFERROR(SUM(I16:AF16)/SUM(I17:AF17),0) -> 1
H17: ='PANEL DE CONTROL DISTRITAL'!H15 -> Total de Archivos de Transacción procesados | I17: 10 | J17: 13 | K17: 13 | L17: 16 | M17: 12 | N17: 14 | O17: 208 | P17: 339 | Q17: 514 | R17: 364 | S17: 340 | T17: 382 | U17: 279 | V17: 365 | W17: 341 | X17: 0 | Y17: 0 | Z17: 0 | AA17: 0 | AB17: 0 | AC17: 0 | AD17: 0 | AE17: 0 | AF17: 0
A19: ='PANEL DE CONTROL DISTRITAL'!A18 -> 4 | B19: ='PANEL DE CONTROL DISTRITAL'!B18 -> CONCILIACIÓN | C19: ='PANEL DE CONTROL DISTRITAL'!C18 -> Responsable de Módulo | D19: ='PANEL DE CONTROL DISTRITAL'!D18 -> Credenciales disponibles para entrega = | E19: ='PANEL DE CONTROL DISTRITAL'!E18 -> ((Credenciales recibidas - credenciales inconsistentes )/ Credenciales Recibidas) x 100 | F19: ='PANEL DE CONTROL DISTRITAL'!F18 -> Semanal (remesa) | G19: ='PANEL DE CONTROL DISTRITAL'!G18 -> 0.9 | H19: ='PANEL DE CONTROL DISTRITAL'!H19 -> Credenciales recibidas - credenciales inconsistentes | I19: 0 | J19: 0 | K19: 0 | L19: 0 | M19: 0 | N19: 0 | O19: 1 | P19: 162 | Q19: 162 | R19: 224 | S19: 274 | T19: 127 | U19: 107 | V19: 214 | W19: 141 | X19: 0 | Y19: 0 | Z19: 0 | AA19: 0 | AB19: 0 | AC19: 0 | AD19: 0 | AE19: 0 | AF19: 0 | AG19: =IFERROR(SUM(I16:AF16)/SUM(I17:AF17),0) -> 1
H20: ='PANEL DE CONTROL DISTRITAL'!H18 -> Credenciales Recibidas | I20: 0 | J20: 0 | K20: 0 | L20: 0 | M20: 0 | N20: 0 | O20: 1 | P20: 162 | Q20: 162 | R20: 224 | S20: 274 | T20: 127 | U20: 107 | V20: 214 | W20: 141 | X20: 0 | Y20: 0 | Z20: 0 | AA20: 0 | AB20: 0 | AC20: 0 | AD20: 0 | AE20: 0 | AF20: 0
A22: ='PANEL DE CONTROL DISTRITAL'!A21 -> 5 | B22: ='PANEL DE CONTROL DISTRITAL'!B21 -> ENTREGA | C22: ='PANEL DE CONTROL DISTRITAL'!C21 -> Operador de Equipo Tecnológico | D22: ='PANEL DE CONTROL DISTRITAL'!D21 -> Efectividad de entrega de CPV en MAC = | E22: ='PANEL DE CONTROL DISTRITAL'!E21 -> Total de credenciales entregadas – reimpresiones por error de captura en MAC)/Total de credenciales entregadas ) x 100 | F22: ='PANEL DE CONTROL DISTRITAL'!F21 -> Semanal (remesa) | G22: ='PANEL DE CONTROL DISTRITAL'!G21 -> 0.9 | H22: ='PANEL DE CONTROL DISTRITAL'!H22 -> Total de credenciales entregadas – reimpresiones por error de captura en MAC | I22: 10 | J22: 13 | K22: 13 | L22: 16 | M22: 12 | N22: 14 | O22: 61 | P22: 82 | Q22: 293 | R22: 189 | S22: 213 | T22: 215 | U22: 134 | V22: 184 | W22: 159 | X22: 0 | Y22: 0 | Z22: 0 | AA22: 0 | AB22: 0 | AC22: 0 | AD22: 0 | AE22: 0 | AF22: 0 | AG22: =IFERROR(SUM(I22:AF22)/SUM(I23:AF23),0) -> 1
H23: ='PANEL DE CONTROL DISTRITAL'!H21 -> Total de credenciales entregadas | I23: 10 | J23: 13 | K23: 13 | L23: 16 | M23: 12 | N23: 14 | O23: 61 | P23: 82 | Q23: 293 | R23: 189 | S23: 213 | T23: 215 | U23: 134 | V23: 184 | W23: 159 | X23: 0 | Y23: 0 | Z23: 0 | AA23: 0 | AB23: 0 | AC23: 0 | AD23: 0 | AE23: 0 | AF23: 0
B24: *Registre el valor nominal solicitado en la celda, el resultado proporcional esta automatizado.
I26: Semaforización
J27: Valor que requiere atención y justificación en el apartado de observaciones
J28: Valor suficiente
J29: Valor esperado
A31: ='PANEL DE CONTROL DISTRITAL'!A6 -> Número | B31: ='PANEL DE CONTROL DISTRITAL'!B6:H6 -> PROCESOS SUSTANTIVOS E INDICADORES | I31: ='210251'!I31:T32 -> CUADRO DE OBSERVACIONES
B32: ='PANEL DE CONTROL DISTRITAL'!B7:D7 -> DESCRIPCIÓN | E32: ='PANEL DE CONTROL DISTRITAL'!E7:H7 -> MEDICIÓN
B33: ='PANEL DE CONTROL DISTRITAL'!B8 -> Proceso | C33: ='PANEL DE CONTROL DISTRITAL'!C8 -> Dueño de Proceso | D33: ='PANEL DE CONTROL DISTRITAL'!D8 -> Indicador | E33: ='PANEL DE CONTROL DISTRITAL'!E8 -> Cálculo | F33: ='PANEL DE CONTROL DISTRITAL'!F8 -> Periodo | G33: ='PANEL DE CONTROL DISTRITAL'!G8 -> Estimado | H33: =AG6 -> % AVANCE REGISTRADO | I33: ='210251'!I33:N33 -> Descripción | O33: ='210251'!O33:T33 -> No conformidad
A34: ='PANEL DE CONTROL DISTRITAL'!A9 -> 1 | B34: ='PANEL DE CONTROL DISTRITAL'!B9 -> ENTREVISTA | C34: ='PANEL DE CONTROL DISTRITAL'!C9 -> Auxiliar de Atención Ciudadana | D34: ='PANEL DE CONTROL DISTRITAL'!D9 -> Efectividad de la entrevista = | E34: ='PANEL DE CONTROL DISTRITAL'!E9 -> (Número de fichas requisitadas- tramites no identificados por huella / Número de trámites aplicados) x 100 | F34: ='PANEL DE CONTROL DISTRITAL'!F9 -> Semanal (remesa) | G34: ='PANEL DE CONTROL DISTRITAL'!G9 -> 0.9 | H34: =AG10 -> 0
A37: ='PANEL DE CONTROL DISTRITAL'!A12 -> 2 | B37: ='PANEL DE CONTROL DISTRITAL'!B12 -> TRÁMITE | C37: ='PANEL DE CONTROL DISTRITAL'!C12 -> Operador de Equipo Tecnológico | D37: ='PANEL DE CONTROL DISTRITAL'!D12 -> Trámites exitosos efectivos= | E37: ='PANEL DE CONTROL DISTRITAL'!E12 -> (Número de trámites exitosos/ Número de trámites aplicados) x 100 | F37: ='PANEL DE CONTROL DISTRITAL'!F12 -> Semanal (remesa) | G37: ='PANEL DE CONTROL DISTRITAL'!G12 -> 0.9 | H37: =AG13 -> 0.96424242
A40: ='PANEL DE CONTROL DISTRITAL'!A15 -> 3 | B40: ='PANEL DE CONTROL DISTRITAL'!B15 -> TRANSFERENCIA | C40: ='PANEL DE CONTROL DISTRITAL'!C15 -> Responsable de Módulo | D40: ='PANEL DE CONTROL DISTRITAL'!D15 -> Transacciones exitosas = | E40: ='PANEL DE CONTROL DISTRITAL'!E15 -> (Número de Archivos de Transacción aceptados /Total de Archivos de Transacción procesados) x100 | F40: ='PANEL DE CONTROL DISTRITAL'!F15 -> Semanal (remesa) | G40: ='PANEL DE CONTROL DISTRITAL'!G15 -> 0.9 | H40: =AG16 -> 1
A43: ='PANEL DE CONTROL DISTRITAL'!A18 -> 4 | B43: ='PANEL DE CONTROL DISTRITAL'!B18 -> CONCILIACIÓN | C43: ='PANEL DE CONTROL DISTRITAL'!C18 -> Responsable de Módulo | D43: ='PANEL DE CONTROL DISTRITAL'!D18 -> Credenciales disponibles para entrega = | E43: ='PANEL DE CONTROL DISTRITAL'!E18 -> ((Credenciales recibidas - credenciales inconsistentes )/ Credenciales Recibidas) x 100 | F43: ='PANEL DE CONTROL DISTRITAL'!F18 -> Semanal (remesa) | G43: ='PANEL DE CONTROL DISTRITAL'!G18 -> 0.9 | H43: =AG19 -> 1
A46: ='PANEL DE CONTROL DISTRITAL'!A21 -> 5 | B46: ='PANEL DE CONTROL DISTRITAL'!B21 -> ENTREGA | C46: ='PANEL DE CONTROL DISTRITAL'!C21 -> Operador de Equipo Tecnológico | D46: ='PANEL DE CONTROL DISTRITAL'!D21 -> Efectividad de entrega de CPV en MAC = | E46: ='PANEL DE CONTROL DISTRITAL'!E21 -> Total de credenciales entregadas – reimpresiones por error de captura en MAC)/Total de credenciales entregadas ) x 100 | F46: ='PANEL DE CONTROL DISTRITAL'!F21 -> Semanal (remesa) | G46: ='PANEL DE CONTROL DISTRITAL'!G21 -> 0.9 | H46: =AG22 -> 1

Sheet 210253
A1: ='PANEL DE CONTROL DISTRITAL'!A1:Q1 -> INSTITUTO NACIONAL ELECTORAL SISTEMA DE GESTIÓN DE LA CALIDAD PUEBLA
D2: Distrito | E2: 1 | F2: Módulo | H2: 210253 | W2: ='PANEL DE CONTROL DISTRITAL'!M2 -> Fecha de corte 07 / 12 / 2020
A4: ='210251'!A4:AG4 -> TABLERO DE CONTROL DE PROCESOS SUSTANTIVOS DEL SISTEMA DE GESTIÓN DE LA CALIDAD
A6: ='PANEL DE CONTROL DISTRITAL'!A6:A8 -> Número | B6: ='PANEL DE CONTROL DISTRITAL'!B6:H6 -> PROCESOS SUSTANTIVOS E INDICADORES | I6: ='210251'!I6:AF6 -> SEMANA OPERATIVA | AG6: ='210251'!AG6:AG9 -> % AVANCE REGISTRADO
B7: ='PANEL DE CONTROL DISTRITAL'!B7:D7 -> DESCRIPCIÓN | E7: ='PANEL DE CONTROL DISTRITAL'!E7:H7 -> MEDICIÓN | I7: ='PANEL DE CONTROL DISTRITAL'!I5 -> CAMPAÑA ANUAL INTENSA 2020-2021
B9: ='PANEL DE CONTROL DISTRITAL'!B8 -> Proceso | C9: ='PANEL DE CONTROL DISTRITAL'!C8 -> Dueño de Proceso | D9: ='PANEL DE CONTROL DISTRITAL'!D8 -> Indicador | E9: ='PANEL DE CONTROL DISTRITAL'!E8 -> Cálculo | F9: ='PANEL DE CONTROL DISTRITAL'!F8 -> Periodo | G9: ='PANEL DE CONTROL DISTRITAL'!G8 -> Estimado | H9: ='PANEL DE CONTROL DISTRITAL'!H8 -> Nominativo | I9: ='210251'!I9 -> 2020-36 | J9: ='210251'!J9 -> 2020-37 | K9: ='210251'!K9 -> 2020-38 | L9: ='210251'!L9 -> 2020-39 | M9: ='210251'!M9 -> 2020-40 | N9: ='210251'!N9 -> 2020-41 | O9: ='210251'!O9 -> 2020-42 | P9: ='210251'!P9 -> 2020-43 | ... AF9: ='210251'!AF9 -> 2021-06
A10: ='PANEL DE CONTROL DISTRITAL'!A9 -> 1 | B10: ='PANEL DE CONTROL DISTRITAL'!B9 -> ENTREVISTA | C10: ='PANEL DE CONTROL DISTRITAL'!C9 -> Auxiliar de Atención Ciudadana | D10: ='PANEL DE CONTROL DISTRITAL'!D9 -> Efectividad de la entrevista = | E10: ='PANEL DE CONTROL DISTRITAL'!E9 -> (Número de fichas requisitadas- tramites no identificados por huella / Número de trámites aplicados) x 100 | F10: ='PANEL DE CONTROL DISTRITAL'!F9 -> Semanal (remesa) | G10: ='PANEL DE CONTROL DISTRITAL'!G9 -> 0.9 | H10: ='PANEL DE CONTROL DISTRITAL'!H10 -> Número de fichas requisitadas- tramites no identificados por huella | I10: 0 | J10: 0 | K10: 0 | L10: 0 | M10: 0 | N10: 0 | O10: 0 | P10: 0 | Q10: 0 | R10: 0 | S10: 0 | T10: 0 | U10: 0 | V10: 0 | W10: 0 | X10: 0 | Y10: 0 | Z10: 0 | AA10: 0 | AB10: 0 | AC10: 0 | AD10: 0 | AE10: 0 | AF10: 0 | AG10: =IFERROR(SUM(I10:AF10)/SUM(I11:AF11),0) -> 0
H11: ='PANEL DE CONTROL DISTRITAL'!H9 -> Número de trámites aplicados | I11: 0 | J11: 0 | K11: 0 | L11: 0 | M11: 0 | N11: 0 | O11: 0 | P11: 0 | Q11: 0 | R11: 0 | S11: 0 | T11: 0 | U11: 0 | V11: 0 | W11: 0 | X11: 0 | Y11: 0 | Z11: 0 | AA11: 0 | AB11: 0 | AC11: 0 | AD11: 0 | AE11: 0 | AF11: 0
A13: ='PANEL DE CONTROL DISTRITAL'!A12 -> 2 | B13: ='PANEL DE CONTROL DISTRITAL'!B12 -> TRÁMITE | C13: ='PANEL DE CONTROL DISTRITAL'!C12 -> Operador de Equipo Tecnológico | D13: ='PANEL DE CONTROL DISTRITAL'!D12 -> Trámites exitosos efectivos= | E13: ='PANEL DE CONTROL DISTRITAL'!E12 -> (Número de trámites exitosos/ Número de trámites aplicados) x 100 | F13: ='PANEL DE CONTROL DISTRITAL'!F12 -> Semanal (remesa) | G13: ='PANEL DE CONTROL DISTRITAL'!G12 -> 0.9 | H13: ='PANEL DE CONTROL DISTRITAL'!H13 -> Número de trámites exitosos | I13: 0 | J13: 0 | K13: 0 | L13: 0 | M13: 0 | N13: 0 | O13: 112 | P13: 244 | Q13: 232 | R13: 191 | S13: 151 | T13: 193 | U13: 143 | V13: 164 | W13: 156 | X13: 0 | Y13: 0 | Z13: 0 | AA13: 0 | AB13: 0 | AC13: 0 | AD13: 0 | AE13: 0 | AF13: 0 | AG13: =IFERROR(SUM(I13:AF13)/SUM(I14:AF14),0) -> 0.99249061
H14: ='PANEL DE CONTROL DISTRITAL'!H12 -> Número de trámites aplicados | I14: 0 | J14: 0 | K14: 0 | L14: 0 | M14: 0 | N14: 0 | O14: 113 | P14: 247 | Q14: 234 | R14: 192 | S14: 152 | T14: 193 | U14: 144 | V14: 166 | W14: 157 | X14: 0 | Y14: 0 | Z14: 0 | AA14: 0 | AB14: 0 | AC14: 0 | AD14: 0 | AE14: 0 | AF14: 0
A16: ='PANEL DE CONTROL DISTRITAL'!A15 -> 3 | B16: ='PANEL DE CONTROL DISTRITAL'!B15 -> TRANSFERENCIA | C16: ='PANEL DE CONTROL DISTRITAL'!C15 -> Responsable de Módulo | D16: ='PANEL DE CONTROL DISTRITAL'!D15 -> Transacciones exitosas = | E16: ='PANEL DE CONTROL DISTRITAL'!E15 -> (Número de Archivos de Transacción aceptados /Total de Archivos de Transacción procesados) x100 | F16: ='PANEL DE CONTROL DISTRITAL'!F15 -> Semanal (remesa) | G16: ='PANEL DE CONTROL DISTRITAL'!G15 -> 0.9 | H16: ='PANEL DE CONTROL DISTRITAL'!H16 -> Número de Archivos de Transacción aceptados | I16: 2 | J16: 2 | K16: 0 | L16: 1 | M16: 5 | N16: 6 | O16: 210 | P16: 298 | Q16: 370 | R16: 434 | S16: 390 | T16: 390 | U16: 299 | V16: 382 | W16: 351 | X16: 0 | Y16: 0 | Z16: 0 | AA16: 0 | AB16: 0 | AC16: 0 | AD16: 0 | AE16: 0 | AF16: 0 | AG16: =IFERROR(SUM(I16:AF16)/SUM(I17:AF17),0) -> 1
H17: ='PANEL DE CONTROL DISTRITAL'!H15 -> Total de Archivos de Transacción procesados | I17: 2 | J17: 2 | K17: 0 | L17: 1 | M17: 5 | N17: 6 | O17: 210 | P17: 298 | Q17: 370 | R17: 434 | S17: 390 | T17: 390 | U17: 299 | V17: 382 | W17: 351 | X17: 0 | Y17: 0 | Z17: 0 | AA17: 0 | AB17: 0 | AC17: 0 | AD17: 0 | AE17: 0 | AF17: 0
A19: ='PANEL DE CONTROL DISTRITAL'!A18 -> 4 | B19: ='PANEL DE CONTROL DISTRITAL'!B18 -> CONCILIACIÓN | C19: ='PANEL DE CONTROL DISTRITAL'!C18 -> Responsable de Módulo | D19: ='PANEL DE CONTROL DISTRITAL'!D18 -> Credenciales disponibles para entrega = | E19: ='PANEL DE CONTROL DISTRITAL'!E18 -> ((Credenciales recibidas - credenciales inconsistentes )/ Credenciales Recibidas) x 100 | F19: ='PANEL DE CONTROL DISTRITAL'!F18 -> Semanal (remesa) | G19: ='PANEL DE CONTROL DISTRITAL'!G18 -> 0.9 | H19: ='PANEL DE CONTROL DISTRITAL'!H19 -> Credenciales recibidas - credenciales inconsistentes | I19: 0 | J19: 0 | K19: 0 | L19: 0 | M19: 0 | N19: 0 | O19: 0 | P19: 112 | Q19: 166 | R19: 199 | S19: 327 | T19: 151 | U19: 120 | V19: 220 | W19: 111 | X19: 0 | Y19: 0 | Z19: 0 | AA19: 0 | AB19: 0 | AC19: 0 | AD19: 0 | AE19: 0 | AF19: 0 | AG19: =IFERROR(SUM(I16:AF16)/SUM(I17:AF17),0) -> 1
H20: ='PANEL DE CONTROL DISTRITAL'!H18 -> Credenciales Recibidas | I20: 0 | J20: 0 | K20: 0 | L20: 0 | M20: 0 | N20: 0 | O20: 0 | P20: 112 | Q20: 166 | R20: 199 | S20: 327 | T20: 151 | U20: 120 | V20: 220 | W20: 111 | X20: 0 | Y20: 0 | Z20: 0 | AA20: 0 | AB20: 0 | AC20: 0 | AD20: 0 | AE20: 0 | AF20: 0
A22: ='PANEL DE CONTROL DISTRITAL'!A21 -> 5 | B22: ='PANEL DE CONTROL DISTRITAL'!B21 -> ENTREGA | C22: ='PANEL DE CONTROL DISTRITAL'!C21 -> Operador de Equipo Tecnológico | D22: ='PANEL DE CONTROL DISTRITAL'!D21 -> Efectividad de entrega de CPV en MAC = | E22: ='PANEL DE CONTROL DISTRITAL'!E21 -> Total de credenciales entregadas – reimpresiones por error de captura en MAC)/Total de credenciales entregadas ) x 100 | F22: ='PANEL DE CONTROL DISTRITAL'!F21 -> Semanal (remesa) | G22: ='PANEL DE CONTROL DISTRITAL'!G21 -> 0.9 | H22: ='PANEL DE CONTROL DISTRITAL'!H22 -> Total de credenciales entregadas – reimpresiones por error de captura en MAC | I22: 2 | J22: 2 | K22: 0 | L22: 1 | M22: 5 | N22: 6 | O22: 97 | P22: 51 | Q22: 136 | R22: 242 | S22: 238 | T22: 197 | U22: 155 | V22: 216 | W22: 194 | X22: 0 | Y22: 0 | Z22: 0 | AA22: 0 | AB22: 0 | AC22: 0 | AD22: 0 | AE22: 0 | AF22: 0 | AG22: =IFERROR(SUM(I22:AF22)/SUM(I23:AF23),0) -> 1
H23: ='PANEL DE CONTROL DISTRITAL'!H21 -> Total de credenciales entregadas | I23: 2 | J23: 2 | K23: 0 | L23: 1 | M23: 5 | N23: 6 | O23: 97 | P23: 51 | Q23: 136 | R23: 242 | S23: 238 | T23: 197 | U23: 155 | V23: 216 | W23: 194 | X23: 0 | Y23: 0 | Z23: 0 | AA23: 0 | AB23: 0 | AC23: 0 | AD23: 0 | AE23: 0 | AF23: 0
B24: *Registre el valor nominal solicitado en la celda, el resultado proporcional esta automatizado.
I26: Semaforización
J27: Valor que requiere atención y justificación en el apartado de observaciones
J28: Valor suficiente
J29: Valor esperado
A31: ='PANEL DE CONTROL DISTRITAL'!A6 -> Número | B31: ='PANEL DE CONTROL DISTRITAL'!B6:H6 -> PROCESOS SUSTANTIVOS E INDICADORES | I31: ='210251'!I31:T32 -> CUADRO DE OBSERVACIONES
B32: ='PANEL DE CONTROL DISTRITAL'!B7:D7 -> DESCRIPCIÓN | E32: ='PANEL DE CONTROL DISTRITAL'!E7:H7 -> MEDICIÓN
B33: ='PANEL DE CONTROL DISTRITAL'!B8 -> Proceso | C33: ='PANEL DE CONTROL DISTRITAL'!C8 -> Dueño de Proceso | D33: ='PANEL DE CONTROL DISTRITAL'!D8 -> Indicador | E33: ='PANEL DE CONTROL DISTRITAL'!E8 -> Cálculo | F33: ='PANEL DE CONTROL DISTRITAL'!F8 -> Periodo | G33: ='PANEL DE CONTROL DISTRITAL'!G8 -> Estimado | H33: =AG6 -> % AVANCE REGISTRADO | I33: ='210251'!I33:N33 -> Descripción | O33: ='210251'!O33:T33 -> No conformidad
A34: ='PANEL DE CONTROL DISTRITAL'!A9 -> 1 | B34: ='PANEL DE CONTROL DISTRITAL'!B9 -> ENTREVISTA | C34: ='PANEL DE CONTROL DISTRITAL'!C9 -> Auxiliar de Atención Ciudadana | D34: ='PANEL DE CONTROL DISTRITAL'!D9 -> Efectividad de la entrevista = | E34: ='PANEL DE CONTROL DISTRITAL'!E9 -> (Número de fichas requisitadas- tramites no identificados por huella / Número de trámites aplicados) x 100 | F34: ='PANEL DE CONTROL DISTRITAL'!F9 -> Semanal (remesa) | G34: ='PANEL DE CONTROL DISTRITAL'!G9 -> 0.9 | H34: =AG10 -> 0
A37: ='PANEL DE CONTROL DISTRITAL'!A12 -> 2 | B37: ='PANEL DE CONTROL DISTRITAL'!B12 -> TRÁMITE | C37: ='PANEL DE CONTROL DISTRITAL'!C12 -> Operador de Equipo Tecnológico | D37: ='PANEL DE CONTROL DISTRITAL'!D12 -> Trámites exitosos efectivos= | E37: ='PANEL DE CONTROL DISTRITAL'!E12 -> (Número de trámites exitosos/ Número de trámites aplicados) x 100 | F37: ='PANEL DE CONTROL DISTRITAL'!F12 -> Semanal (remesa) | G37: ='PANEL DE CONTROL DISTRITAL'!G12 -> 0.9 | H37: =AG13 -> 0.99249061
A40: ='PANEL DE CONTROL DISTRITAL'!A15 -> 3 | B40: ='PANEL DE CONTROL DISTRITAL'!B15 -> TRANSFERENCIA | C40: ='PANEL DE CONTROL DISTRITAL'!C15 -> Responsable de Módulo | D40: ='PANEL DE CONTROL DISTRITAL'!D15 -> Transacciones exitosas = | E40: ='PANEL DE CONTROL DISTRITAL'!E15 -> (Número de Archivos de Transacción aceptados /Total de Archivos de Transacción procesados) x100 | F40: ='PANEL DE CONTROL DISTRITAL'!F15 -> Semanal (remesa) | G40: ='PANEL DE CONTROL DISTRITAL'!G15 -> 0.9 | H40: =AG16 -> 1
A43: ='PANEL DE CONTROL DISTRITAL'!A18 -> 4 | B43: ='PANEL DE CONTROL DISTRITAL'!B18 -> CONCILIACIÓN | C43: ='PANEL DE CONTROL DISTRITAL'!C18 -> Responsable de Módulo | D43: ='PANEL DE CONTROL DISTRITAL'!D18 -> Credenciales disponibles para entrega = | E43: ='PANEL DE CONTROL DISTRITAL'!E18 -> ((Credenciales recibidas - credenciales inconsistentes )/ Credenciales Recibidas) x 100 | F43: ='PANEL DE CONTROL DISTRITAL'!F18 -> Semanal (remesa) | G43: ='PANEL DE CONTROL DISTRITAL'!G18 -> 0.9 | H43: =AG19 -> 1
A46: ='PANEL DE CONTROL DISTRITAL'!A21 -> 5 | B46: ='PANEL DE CONTROL DISTRITAL'!B21 -> ENTREGA | C46: ='PANEL DE CONTROL DISTRITAL'!C21 -> Operador de Equipo Tecnológico | D46: ='PANEL DE CONTROL DISTRITAL'!D21 -> Efectividad de entrega de CPV en MAC = | E46: ='PANEL DE CONTROL DISTRITAL'!E21 -> Total de credenciales entregadas – reimpresiones por error de captura en MAC)/Total de credenciales entregadas ) x 100 | F46: ='PANEL DE CONTROL DISTRITAL'!F21 -> Semanal (remesa) | G46: ='PANEL DE CONTROL DISTRITAL'!G21 -> 0.9 | H46: =AG22 -> 1

Sheet 210254
A1: ='PANEL DE CONTROL DISTRITAL'!A1:Q1 -> INSTITUTO NACIONAL ELECTORAL SISTEMA DE GESTIÓN DE LA CALIDAD PUEBLA
D2: Distrito | E2: 1 | F2: Módulo | H2: 210254 | W2: ='PANEL DE CONTROL DISTRITAL'!M2 -> Fecha de corte 07 / 12 / 2020
A4: ='210251'!A4:AG4 -> TABLERO DE CONTROL DE PROCESOS SUSTANTIVOS DEL SISTEMA DE GESTIÓN DE LA CALIDAD
A6: ='PANEL DE CONTROL DISTRITAL'!A6:A8 -> Número | B6: ='PANEL DE CONTROL DISTRITAL'!B6:H6 -> PROCESOS SUSTANTIVOS E INDICADORES | I6: ='210251'!I6:AF6 -> SEMANA OPERATIVA | AG6: ='210251'!AG6:AG9 -> % AVANCE REGISTRADO
B7: ='PANEL DE CONTROL DISTRITAL'!B7:D7 -> DESCRIPCIÓN | E7: ='PANEL DE CONTROL DISTRITAL'!E7:H7 -> MEDICIÓN | I7: ='PANEL DE CONTROL DISTRITAL'!I5 -> CAMPAÑA ANUAL INTENSA 2020-2021
B9: ='PANEL DE CONTROL DISTRITAL'!B8 -> Proceso | C9: ='PANEL DE CONTROL DISTRITAL'!C8 -> Dueño de Proceso | D9: ='PANEL DE CONTROL DISTRITAL'!D8 -> Indicador | E9: ='PANEL DE CONTROL DISTRITAL'!E8 -> Cálculo | F9: ='PANEL DE CONTROL DISTRITAL'!F8 -> Periodo | G9: ='PANEL DE CONTROL DISTRITAL'!G8 -> Estimado | H9: ='PANEL DE CONTROL DISTRITAL'!H8 -> Nominativo | I9: ='210251'!I9 -> 2020-36 | J9: ='210251'!J9 -> 2020-37 | K9: ='210251'!K9 -> 2020-38 | L9: ='210251'!L9 -> 2020-39 | M9: ='210251'!M9 -> 2020-40 | N9: ='210251'!N9 -> 2020-41 | O9: ='210251'!O9 -> 2020-42 | P9: ='210251'!P9 -> 2020-43 | ... AF9: ='210251'!AF9 -> 2021-06
A10: ='PANEL DE CONTROL DISTRITAL'!A9 -> 1 | B10: ='PANEL DE CONTROL DISTRITAL'!B9 -> ENTREVISTA | C10: ='PANEL DE CONTROL DISTRITAL'!C9 -> Auxiliar de Atención Ciudadana | D10: ='PANEL DE CONTROL DISTRITAL'!D9 -> Efectividad de la entrevista = | E10: ='PANEL DE CONTROL DISTRITAL'!E9 -> (Número de fichas requisitadas- tramites no identificados por huella / Número de trámites aplicados) x 100 | F10: ='PANEL DE CONTROL DISTRITAL'!F9 -> Semanal (remesa) | G10: ='PANEL DE CONTROL DISTRITAL'!G9 -> 0.9 | H10: ='PANEL DE CONTROL DISTRITAL'!H10 -> Número de fichas requisitadas- tramites no identificados por huella | I10: 0 | J10: 0 | K10: 0 | L10: 0 | M10: 0 | N10: 0 | O10: 0 | P10: 0 | Q10: 0 | R10: 0 | S10: 0 | T10: 0 | U10: 0 | V10: 0 | W10: 0 | X10: 0 | Y10: 0 | Z10: 0 | AA10: 0 | AB10: 0 | AC10: 0 | AD10: 0 | AE10: 0 | AF10: 0 | AG10: =IFERROR(SUM(I10:AF10)/SUM(I11:AF11),0) -> 0
H11: ='PANEL DE CONTROL DISTRITAL'!H9 -> Número de trámites aplicados | I11: 0 | J11: 0 | K11: 0 | L11: 0 | M11: 0 | N11: 0 | O11: 0 | P11: 0 | Q11: 0 | R11: 0 | S11: 0 | T11: 0 | U11: 0 | V11: 0 | W11: 0 | X11: 0 | Y11: 0 | Z11: 0 | AA11: 0 | AB11: 0 | AC11: 0 | AD11: 0 | AE11: 0 | AF11: 0
A13: ='PANEL DE CONTROL DISTRITAL'!A12 -> 2 | B13: ='PANEL DE CONTROL DISTRITAL'!B12 -> TRÁMITE | C13: ='PANEL DE CONTROL DISTRITAL'!C12 -> Operador de Equipo Tecnológico | D13: ='PANEL DE CONTROL DISTRITAL'!D12 -> Trámites exitosos efectivos= | E13: ='PANEL DE CONTROL DISTRITAL'!E12 -> (Número de trámites exitosos/ Número de trámites aplicados) x 100 | F13: ='PANEL DE CONTROL DISTRITAL'!F12 -> Semanal (remesa) | G13: ='PANEL DE CONTROL DISTRITAL'!G12 -> 0.9 | H13: ='PANEL DE CONTROL DISTRITAL'!H13 -> Número de trámites exitosos | I13: 0 | J13: 0 | K13: 0 | L13: 0 | M13: 0 | N13: 0 | O13: 124 | P13: 252 | Q13: 136 | R13: 120 | S13: 107 | T13: 178 | U13: 168 | V13: 209 | W13: 163 | X13: 0 | Y13: 0 | Z13: 0 | AA13: 0 | AB13: 0 | AC13: 0 | AD13: 0 | AE13: 0 | AF13: 0 | AG13: =IFERROR(SUM(I13:AF13)/SUM(I14:AF14),0) -> 0.98645904
H14: ='PANEL DE CONTROL DISTRITAL'!H12 -> Número de trámites aplicados | I14: 0 | J14: 0 | K14: 0 | L14: 0 | M14: 0 | N14: 0 | O14: 124 | P14: 256 | Q14: 139 | R14: 123 | S14: 108 | T14: 182 | U14: 170 | V14: 212 | W14: 163 | X14: 0 | Y14: 0 | Z14: 0 | AA14: 0 | AB14: 0 | AC14: 0 | AD14: 0 | AE14: 0 | AF14: 0
A16: ='PANEL DE CONTROL DISTRITAL'!A15 -> 3 | B16: ='PANEL DE CONTROL DISTRITAL'!B15 -> TRANSFERENCIA | C16: ='PANEL DE CONTROL DISTRITAL'!C15 -> Responsable de Módulo | D16: ='PANEL DE CONTROL DISTRITAL'!D15 -> Transacciones exitosas = | E16: ='PANEL DE CONTROL DISTRITAL'!E15 -> (Número de Archivos de Transacción aceptados /Total de Archivos de Transacción procesados) x100 | F16: ='PANEL DE CONTROL DISTRITAL'!F15 -> Semanal (remesa) | G16: ='PANEL DE CONTROL DISTRITAL'!G15 -> 0.9 | H16: ='PANEL DE CONTROL DISTRITAL'!H16 -> Número de Archivos de Transacción aceptados | I16: 1 | J16: 2 | K16: 0 | L16: 3 | M16: 1 | N16: 6 | O16: 146 | P16: 470 | Q16: 289 | R16: 369 | S16: 293 | T16: 282 | U16: 374 | V16: 310 | W16: 336 | X16: 0 | Y16: 0 | Z16: 0 | AA16: 0 | AB16: 0 | AC16: 0 | AD16: 0 | AE16: 0 | AF16: 0 | AG16: =IFERROR(SUM(I16:AF16)/SUM(I17:AF17),0) -> 1
H17: ='PANEL DE CONTROL DISTRITAL'!H15 -> Total de Archivos de Transacción procesados | I17: 1 | J17: 2 | K17: 0 | L17: 3 | M17: 1 | N17: 6 | O17: 146 | P17: 470 | Q17: 289 | R17: 369 | S17: 293 | T17: 282 | U17: 374 | V17: 310 | W17: 336 | X17: 0 | Y17: 0 | Z17: 0 | AA17: 0 | AB17: 0 | AC17: 0 | AD17: 0 | AE17: 0 | AF17: 0
A19: ='PANEL DE CONTROL DISTRITAL'!A18 -> 4 | B19: ='PANEL DE CONTROL DISTRITAL'!B18 -> CONCILIACIÓN | C19: ='PANEL DE CONTROL DISTRITAL'!C18 -> Responsable de Módulo | D19: ='PANEL DE CONTROL DISTRITAL'!D18 -> Credenciales disponibles para entrega = | E19: ='PANEL DE CONTROL DISTRITAL'!E18 -> ((Credenciales recibidas - credenciales inconsistentes )/ Credenciales Recibidas) x 100 | F19: ='PANEL DE CONTROL DISTRITAL'!F18 -> Semanal (remesa) | G19: ='PANEL DE CONTROL DISTRITAL'!G18 -> 0.9 | H19: ='PANEL DE CONTROL DISTRITAL'!H19 -> Credenciales recibidas - credenciales inconsistentes | I19: 0 | J19: 0 | K19: 0 | L19: 0 | M19: 0 | N19: 0 | O19: 0 | P19: 146 | Q19: 121 | R19: 193 | S19: 188 | T19: 102 | U19: 119 | V19: 211 | W19: 193 | X19: 0 | Y19: 0 | Z19: 0 | AA19: 0 | AB19: 0 | AC19: 0 | AD19: 0 | AE19: 0 | AF19: 0 | AG19: =IFERROR(SUM(I16:AF16)/SUM(I17:AF17),0) -> 1
H20: ='PANEL DE CONTROL DISTRITAL'!H18 -> Credenciales Recibidas | I20: 0 | J20: 0 | K20: 0 | L20: 0 | M20: 0 | N20: 0 | O20: 0 | P20: 146 | Q20: 121 | R20: 193 | S20: 188 | T20: 102 | U20: 119 | V20: 211 | W20: 193 | X20: 0 | Y20: 0 | Z20: 0 | AA20: 0 | AB20: 0 | AC20: 0 | AD20: 0 | AE20: 0 | AF20: 0
A22: ='PANEL DE CONTROL DISTRITAL'!A21 -> 5 | B22: ='PANEL DE CONTROL DISTRITAL'!B21 -> ENTREGA | C22: ='PANEL DE CONTROL DISTRITAL'!C21 -> Operador de Equipo Tecnológico | D22: ='PANEL DE CONTROL DISTRITAL'!D21 -> Efectividad de entrega de CPV en MAC = | E22: ='PANEL DE CONTROL DISTRITAL'!E21 -> Total de credenciales entregadas – reimpresiones por error de captura en MAC)/Total de credenciales entregadas ) x 100 | F22: ='PANEL DE CONTROL DISTRITAL'!F21 -> Semanal (remesa) | G22: ='PANEL DE CONTROL DISTRITAL'!G21 -> 0.9 | H22: ='PANEL DE CONTROL DISTRITAL'!H22 -> Total de credenciales entregadas – reimpresiones por error de captura en MAC | I22: 1 | J22: 2 | K22: 0 | L22: 3 | M22: 1 | N22: 6 | O22: 22 | P22: 114 | Q22: 150 | R22: 246 | S22: 185 | T22: 100 | U22: 204 | V22: 98 | W22: 173 | X22: 0 | Y22: 0 | Z22: 0 | AA22: 0 | AB22: 0 | AC22: 0 | AD22: 0 | AE22: 0 | AF22: 0 | AG22: =IFERROR(SUM(I22:AF22)/SUM(I23:AF23),0) -> 1
H23: ='PANEL DE CONTROL DISTRITAL'!H21 -> Total de credenciales entregadas | I23: 1 | J23: 2 | K23: 0 | L23: 3 | M23: 1 | N23: 6 | O23: 22 | P23: 114 | Q23: 150 | R23: 246 | S23: 185 | T23: 100 | U23: 204 | V23: 98 | W23: 173 | X23: 0 | Y23: 0 | Z23: 0 | AA23: 0 | AB23: 0 | AC23: 0 | AD23: 0 | AE23: 0 | AF23: 0
B24: *Registre el valor nominal solicitado en la celda, el resultado proporcional esta automatizado.
I26: Semaforización
J27: Valor que requiere atención y justificación en el apartado de observaciones
J28: Valor suficiente
J29: Valor esperado
A31: ='PANEL DE CONTROL DISTRITAL'!A6 -> Número | B31: ='PANEL DE CONTROL DISTRITAL'!B6:H6 -> PROCESOS SUSTANTIVOS E INDICADORES | I31: ='210251'!I31:T32 -> CUADRO DE OBSERVACIONES
B32: ='PANEL DE CONTROL DISTRITAL'!B7:D7 -> DESCRIPCIÓN | E32: ='PANEL DE CONTROL DISTRITAL'!E7:H7 -> MEDICIÓN
B33: ='PANEL DE CONTROL DISTRITAL'!B8 -> Proceso | C33: ='PANEL DE CONTROL DISTRITAL'!C8 -> Dueño de Proceso | D33: ='PANEL DE CONTROL DISTRITAL'!D8 -> Indicador | E33: ='PANEL DE CONTROL DISTRITAL'!E8 -> Cálculo | F33: ='PANEL DE CONTROL DISTRITAL'!F8 -> Periodo | G33: ='PANEL DE CONTROL DISTRITAL'!G8 -> Estimado | H33: =AG6 -> % AVANCE REGISTRADO | I33: ='210251'!I33:N33 -> Descripción | O33: ='210251'!O33:T33 -> No conformidad
A34: ='PANEL DE CONTROL DISTRITAL'!A9 -> 1 | B34: ='PANEL DE CONTROL DISTRITAL'!B9 -> ENTREVISTA | C34: ='PANEL DE CONTROL DISTRITAL'!C9 -> Auxiliar de Atención Ciudadana | D34: ='PANEL DE CONTROL DISTRITAL'!D9 -> Efectividad de la entrevista = | E34: ='PANEL DE CONTROL DISTRITAL'!E9 -> (Número de fichas requisitadas- tramites no identificados por huella / Número de trámites aplicados) x 100 | F34: ='PANEL DE CONTROL DISTRITAL'!F9 -> Semanal (remesa) | G34: ='PANEL DE CONTROL DISTRITAL'!G9 -> 0.9 | H34: =AG10 -> 0
A37: ='PANEL DE CONTROL DISTRITAL'!A12 -> 2 | B37: ='PANEL DE CONTROL DISTRITAL'!B12 -> TRÁMITE | C37: ='PANEL DE CONTROL DISTRITAL'!C12 -> Operador de Equipo Tecnológico | D37: ='PANEL DE CONTROL DISTRITAL'!D12 -> Trámites exitosos efectivos= | E37: ='PANEL DE CONTROL DISTRITAL'!E12 -> (Número de trámites exitosos/ Número de trámites aplicados) x 100 | F37: ='PANEL DE CONTROL DISTRITAL'!F12 -> Semanal (remesa) | G37: ='PANEL DE CONTROL DISTRITAL'!G12 -> 0.9 | H37: =AG13 -> 0.98645904
A40: ='PANEL DE CONTROL DISTRITAL'!A15 -> 3 | B40: ='PANEL DE CONTROL DISTRITAL'!B15 -> TRANSFERENCIA | C40: ='PANEL DE CONTROL DISTRITAL'!C15 -> Responsable de Módulo | D40: ='PANEL DE CONTROL DISTRITAL'!D15 -> Transacciones exitosas = | E40: ='PANEL DE CONTROL DISTRITAL'!E15 -> (Número de Archivos de Transacción aceptados /Total de Archivos de Transacción procesados) x100 | F40: ='PANEL DE CONTROL DISTRITAL'!F15 -> Semanal (remesa) | G40: ='PANEL DE CONTROL DISTRITAL'!G15 -> 0.9 | H40: =AG16 -> 1
A43: ='PANEL DE CONTROL DISTRITAL'!A18 -> 4 | B43: ='PANEL DE CONTROL DISTRITAL'!B18 -> CONCILIACIÓN | C43: ='PANEL DE CONTROL DISTRITAL'!C18 -> Responsable de Módulo | D43: ='PANEL DE CONTROL DISTRITAL'!D18 -> Credenciales disponibles para entrega = | E43: ='PANEL DE CONTROL DISTRITAL'!E18 -> ((Credenciales recibidas - credenciales inconsistentes )/ Credenciales Recibidas) x 100 | F43: ='PANEL DE CONTROL DISTRITAL'!F18 -> Semanal (remesa) | G43: ='PANEL DE CONTROL DISTRITAL'!G18 -> 0.9 | H43: =AG19 -> 1
A46: ='PANEL DE CONTROL DISTRITAL'!A21 -> 5 | B46: ='PANEL DE CONTROL DISTRITAL'!B21 -> ENTREGA | C46: ='PANEL DE CONTROL DISTRITAL'!C21 -> Operador de Equipo Tecnológico | D46: ='PANEL DE CONTROL DISTRITAL'!D21 -> Efectividad de entrega de CPV en MAC = | E46: ='PANEL DE CONTROL DISTRITAL'!E21 -> Total de credenciales entregadas – reimpresiones por error de captura en MAC)/Total de credenciales entregadas ) x 100 | F46: ='PANEL DE CONTROL DISTRITAL'!F21 -> Semanal (remesa) | G46: ='PANEL DE CONTROL DISTRITAL'!G21 -> 0.9 | H46: =AG22 -> 1

Sheet 210255
A1: ='PANEL DE CONTROL DISTRITAL'!A1:Q1 -> INSTITUTO NACIONAL ELECTORAL SISTEMA DE GESTIÓN DE LA CALIDAD PUEBLA
D2: Distrito | E2: 1 | F2: Módulo | H2: 210255 | W2: ='PANEL DE CONTROL DISTRITAL'!M2 -> Fecha de corte 07 / 12 / 2020
A4: ='210251'!A4:AG4 -> TABLERO DE CONTROL DE PROCESOS SUSTANTIVOS DEL SISTEMA DE GESTIÓN DE LA CALIDAD
A6: ='PANEL DE CONTROL DISTRITAL'!A6:A8 -> Número | B6: ='PANEL DE CONTROL DISTRITAL'!B6:H6 -> PROCESOS SUSTANTIVOS E INDICADORES | I6: ='210251'!I6:AF6 -> SEMANA OPERATIVA | AG6: ='210251'!AG6:AG9 -> % AVANCE REGISTRADO
B7: ='PANEL DE CONTROL DISTRITAL'!B7:D7 -> DESCRIPCIÓN | E7: ='PANEL DE CONTROL DISTRITAL'!E7:H7 -> MEDICIÓN | I7: ='PANEL DE CONTROL DISTRITAL'!I5 -> CAMPAÑA ANUAL INTENSA 2020-2021
B9: ='PANEL DE CONTROL DISTRITAL'!B8 -> Proceso | C9: ='PANEL DE CONTROL DISTRITAL'!C8 -> Dueño de Proceso | D9: ='PANEL DE CONTROL DISTRITAL'!D8 -> Indicador | E9: ='PANEL DE CONTROL DISTRITAL'!E8 -> Cálculo | F9: ='PANEL DE CONTROL DISTRITAL'!F8 -> Periodo | G9: ='PANEL DE CONTROL DISTRITAL'!G8 -> Estimado | H9: ='PANEL DE CONTROL DISTRITAL'!H8 -> Nominativo | I9: ='210251'!I9 -> 2020-36 | J9: ='210251'!J9 -> 2020-37 | K9: ='210251'!K9 -> 2020-38 | L9: ='210251'!L9 -> 2020-39 | M9: ='210251'!M9 -> 2020-40 | N9: ='210251'!N9 -> 2020-41 | O9: ='210251'!O9 -> 2020-42 | P9: ='210251'!P9 -> 2020-43 | ... AF9: ='210251'!AF9 -> 2021-06
A10: ='PANEL DE CONTROL DISTRITAL'!A9 -> 1 | B10: ='PANEL DE CONTROL DISTRITAL'!B9 -> ENTREVISTA | C10: ='PANEL DE CONTROL DISTRITAL'!C9 -> Auxiliar de Atención Ciudadana | D10: ='PANEL DE CONTROL DISTRITAL'!D9 -> Efectividad de la entrevista = | E10: ='PANEL DE CONTROL DISTRITAL'!E9 -> (Número de fichas requisitadas- tramites no identificados por huella / Número de trámites aplicados) x 100 | F10: ='PANEL DE CONTROL DISTRITAL'!F9 -> Semanal (remesa) | G10: ='PANEL DE CONTROL DISTRITAL'!G9 -> 0.9 | H10: ='PANEL DE CONTROL DISTRITAL'!H10 -> Número de fichas requisitadas- tramites no identificados por huella | I10: 0 | J10: 0 | K10: 0 | L10: 0 | M10: 0 | N10: 0 | O10: 0 | P10: 0 | Q10: 0 | R10: 0 | S10: 0 | T10: 0 | U10: 0 | V10: 0 | W10: 0 | X10: 0 | Y10: 0 | Z10: 0 | AA10: 0 | AB10: 0 | AC10: 0 | AD10: 0 | AE10: 0 | AF10: 0 | AG10: =IFERROR(SUM(I10:AF10)/SUM(I11:AF11),0) -> 0
H11: ='PANEL DE CONTROL DISTRITAL'!H9 -> Número de trámites aplicados | I11: 0 | J11: 0 | K11: 0 | L11: 0 | M11: 0 | N11: 0 | O11: 0 | P11: 0 | Q11: 0 | R11: 0 | S11: 0 | T11: 0 | U11: 0 | V11: 0 | W11: 0 | X11: 0 | Y11: 0 | Z11: 0 | AA11: 0 | AB11: 0 | AC11: 0 | AD11: 0 | AE11: 0 | AF11: 0
A13: ='PANEL DE CONTROL DISTRITAL'!A12 -> 2 | B13: ='PANEL DE CONTROL DISTRITAL'!B12 -> TRÁMITE | C13: ='PANEL DE CONTROL DISTRITAL'!C12 -> Operador de Equipo Tecnológico | D13: ='PANEL DE CONTROL DISTRITAL'!D12 -> Trámites exitosos efectivos= | E13: ='PANEL DE CONTROL DISTRITAL'!E12 -> (Número de trámites exitosos/ Número de trámites aplicados) x 100 | F13: ='PANEL DE CONTROL DISTRITAL'!F12 -> Semanal (remesa) | G13: ='PANEL DE CONTROL DISTRITAL'!G12 -> 0.9 | H13: ='PANEL DE CONTROL DISTRITAL'!H13 -> Número de trámites exitosos | I13: 0 | J13: 0 | K13: 0 | L13: 0 | M13: 0 | N13: 0 | O13: 90 | P13: 199 | Q13: 225 | R13: 136 | S13: 92 | T13: 113 | U13: 127 | V13: 163 | W13: 143 | X13: 0 | Y13: 0 | Z13: 0 | AA13: 0 | AB13: 0 | AC13: 0 | AD13: 0 | AE13: 0 | AF13: 0 | AG13: =IFERROR(SUM(I13:AF13)/SUM(I14:AF14),0) -> 0.97207547
H14: ='PANEL DE CONTROL DISTRITAL'!H12 -> Número de trámites aplicados | I14: 0 | J14: 0 | K14: 0 | L14: 0 | M14: 0 | N14: 0 | O14: 94 | P14: 206 | Q14: 230 | R14: 142 | S14: 92 | T14: 115 | U14: 129 | V14: 167 | W14: 150 | X14: 0 | Y14: 0 | Z14: 0 | AA14: 0 | AB14: 0 | AC14: 0 | AD14: 0 | AE14: 0 | AF14: 0
A16: ='PANEL DE CONTROL DISTRITAL'!A15 -> 3 | B16: ='PANEL DE CONTROL DISTRITAL'!B15 -> TRANSFERENCIA | C16: ='PANEL DE CONTROL DISTRITAL'!C15 -> Responsable de Módulo | D16: ='PANEL DE CONTROL DISTRITAL'!D15 -> Transacciones exitosas = | E16: ='PANEL DE CONTROL DISTRITAL'!E15 -> (Número de Archivos de Transacción aceptados /Total de Archivos de Transacción procesados) x100 | F16: ='PANEL DE CONTROL DISTRITAL'!F15 -> Semanal (remesa) | G16: ='PANEL DE CONTROL DISTRITAL'!G15 -> 0.9 | H16: ='PANEL DE CONTROL DISTRITAL'!H16 -> Número de Archivos de Transacción aceptados | I16: 3 | J16: 3 | K16: 2 | L16: 7 | M16: 8 | N16: 7 | O16: 144 | P16: 231 | Q16: 326 | R16: 293 | S16: 330 | T16: 261 | U16: 225 | V16: 290 | W16: 285 | X16: 0 | Y16: 0 | Z16: 0 | AA16: 0 | AB16: 0 | AC16: 0 | AD16: 0 | AE16: 0 | AF16: 0 | AG16: =IFERROR(SUM(I16:AF16)/SUM(I17:AF17),0) -> 1
H17: ='PANEL DE CONTROL DISTRITAL'!H15 -> Total de Archivos de Transacción procesados | I17: 3 | J17: 3 | K17: 2 | L17: 7 | M17: 8 | N17: 7 | O17: 144 | P17: 231 | Q17: 326 | R17: 293 | S17: 330 | T17: 261 | U17: 225 | V17: 290 | W17: 285 | X17: 0 | Y17: 0 | Z17: 0 | AA17: 0 | AB17: 0 | AC17: 0 | AD17: 0 | AE17: 0 | AF17: 0
A19: ='PANEL DE CONTROL DISTRITAL'!A18 -> 4 | B19: ='PANEL DE CONTROL DISTRITAL'!B18 -> CONCILIACIÓN | C19: ='PANEL DE CONTROL DISTRITAL'!C18 -> Responsable de Módulo | D19: ='PANEL DE CONTROL DISTRITAL'!D18 -> Credenciales disponibles para entrega = | E19: ='PANEL DE CONTROL DISTRITAL'!E18 -> ((Credenciales recibidas - credenciales inconsistentes )/ Credenciales Recibidas) x 100 | F19: ='PANEL DE CONTROL DISTRITAL'!F18 -> Semanal (remesa) | G19: ='PANEL DE CONTROL DISTRITAL'!G18 -> 0.9 | H19: ='PANEL DE CONTROL DISTRITAL'!H19 -> Credenciales recibidas - credenciales inconsistentes | I19: 0 | J19: 0 | K19: 0 | L19: 0 | M19: 0 | N19: 0 | O19: 2 | P19: 104 | Q19: 108 | R19: 208 | S19: 249 | T19: 90 | U19: 58 | V19: 197 | W19: 114 | X19: 0 | Y19: 0 | Z19: 0 | AA19: 0 | AB19: 0 | AC19: 0 | AD19: 0 | AE19: 0 | AF19: 0 | AG19: =IFERROR(SUM(I16:AF16)/SUM(I17:AF17),0) -> 1
H20: ='PANEL DE CONTROL DISTRITAL'!H18 -> Credenciales Recibidas | I20: 0 | J20: 0 | K20: 0 | L20: 0 | M20: 0 | N20: 0 | O20: 2 | P20: 104 | Q20: 108 | R20: 208 | S20: 249 | T20: 90 | U20: 58 | V20: 197 | W20: 114 | X20: 0 | Y20: 0 | Z20: 0 | AA20: 0 | AB20: 0 | AC20: 0 | AD20: 0 | AE20: 0 | AF20: 0
A22: ='PANEL DE CONTROL DISTRITAL'!A21 -> 5 | B22: ='PANEL DE CONTROL DISTRITAL'!B21 -> ENTREGA | C22: ='PANEL DE CONTROL DISTRITAL'!C21 -> Operador de Equipo Tecnológico | D22: ='PANEL DE CONTROL DISTRITAL'!D21 -> Efectividad de entrega de CPV en MAC = | E22: ='PANEL DE CONTROL DISTRITAL'!E21 -> Total de credenciales entregadas – reimpresiones por error de captura en MAC)/Total de credenciales entregadas ) x 100 | F22: ='PANEL DE CONTROL DISTRITAL'!F21 -> Semanal (remesa) | G22: ='PANEL DE CONTROL DISTRITAL'!G21 -> 0.9 | H22: ='PANEL DE CONTROL DISTRITAL'!H22 -> Total de credenciales entregadas – reimpresiones por error de captura en MAC | I22: 3 | J22: 3 | K22: 2 | L22: 7 | M22: 8 | N22: 7 | O22: 50 | P22: 25 | Q22: 96 | R22: 151 | S22: 238 | T22: 146 | U22: 96 | V22: 123 | W22: 135 | X22: 0 | Y22: 0 | Z22: 0 | AA22: 0 | AB22: 0 | AC22: 0 | AD22: 0 | AE22: 0 | AF22: 0 | AG22: =IFERROR(SUM(I22:AF22)/SUM(I23:AF23),0) -> 1
H23: ='PANEL DE CONTROL DISTRITAL'!H21 -> Total de credenciales entregadas | I23: 3 | J23: 3 | K23: 2 | L23: 7 | M23: 8 | N23: 7 | O23: 50 | P23: 25 | Q23: 96 | R23: 151 | S23: 238 | T23: 146 | U23: 96 | V23: 123 | W23: 135 | X23: 0 | Y23: 0 | Z23: 0 | AA23: 0 | AB23: 0 | AC23: 0 | AD23: 0 | AE23: 0 | AF23: 0
B24: *Registre el valor nominal solicitado en la celda, el resultado proporcional esta automatizado.
I26: Semaforización
J27: Valor que requiere atención y justificación en el apartado de observaciones
J28: Valor suficiente
J29: Valor esperado
A31: ='PANEL DE CONTROL DISTRITAL'!A6 -> Número | B31: ='PANEL DE CONTROL DISTRITAL'!B6:H6 -> PROCESOS SUSTANTIVOS E INDICADORES | I31: ='210251'!I31:T32 -> CUADRO DE OBSERVACIONES
B32: ='PANEL DE CONTROL DISTRITAL'!B7:D7 -> DESCRIPCIÓN | E32: ='PANEL DE CONTROL DISTRITAL'!E7:H7 -> MEDICIÓN
B33: ='PANEL DE CONTROL DISTRITAL'!B8 -> Proceso | C33: ='PANEL DE CONTROL DISTRITAL'!C8 -> Dueño de Proceso | D33: ='PANEL DE CONTROL DISTRITAL'!D8 -> Indicador | E33: ='PANEL DE CONTROL DISTRITAL'!E8 -> Cálculo | F33: ='PANEL DE CONTROL DISTRITAL'!F8 -> Periodo | G33: ='PANEL DE CONTROL DISTRITAL'!G8 -> Estimado | H33: =AG6 -> % AVANCE REGISTRADO | I33: ='210251'!I33:N33 -> Descripción | O33: ='210251'!O33:T33 -> No conformidad
A34: ='PANEL DE CONTROL DISTRITAL'!A9 -> 1 | B34: ='PANEL DE CONTROL DISTRITAL'!B9 -> ENTREVISTA | C34: ='PANEL DE CONTROL DISTRITAL'!C9 -> Auxiliar de Atención Ciudadana | D34: ='PANEL DE CONTROL DISTRITAL'!D9 -> Efectividad de la entrevista = | E34: ='PANEL DE CONTROL DISTRITAL'!E9 -> (Número de fichas requisitadas- tramites no identificados por huella / Número de trámites aplicados) x 100 | F34: ='PANEL DE CONTROL DISTRITAL'!F9 -> Semanal (remesa) | G34: ='PANEL DE CONTROL DISTRITAL'!G9 -> 0.9 | H34: =AG10 -> 0
A37: ='PANEL DE CONTROL DISTRITAL'!A12 -> 2 | B37: ='PANEL DE CONTROL DISTRITAL'!B12 -> TRÁMITE | C37: ='PANEL DE CONTROL DISTRITAL'!C12 -> Operador de Equipo Tecnológico | D37: ='PANEL DE CONTROL DISTRITAL'!D12 -> Trámites exitosos efectivos= | E37: ='PANEL DE CONTROL DISTRITAL'!E12 -> (Número de trámites exitosos/ Número de trámites aplicados) x 100 | F37: ='PANEL DE CONTROL DISTRITAL'!F12 -> Semanal (remesa) | G37: ='PANEL DE CONTROL DISTRITAL'!G12 -> 0.9 | H37: =AG13 -> 0.97207547
A40: ='PANEL DE CONTROL DISTRITAL'!A15 -> 3 | B40: ='PANEL DE CONTROL DISTRITAL'!B15 -> TRANSFERENCIA | C40: ='PANEL DE CONTROL DISTRITAL'!C15 -> Responsable de Módulo | D40: ='PANEL DE CONTROL DISTRITAL'!D15 -> Transacciones exitosas = | E40: ='PANEL DE CONTROL DISTRITAL'!E15 -> (Número de Archivos de Transacción aceptados /Total de Archivos de Transacción procesados) x100 | F40: ='PANEL DE CONTROL DISTRITAL'!F15 -> Semanal (remesa) | G40: ='PANEL DE CONTROL DISTRITAL'!G15 -> 0.9 | H40: =AG16 -> 1
A43: ='PANEL DE CONTROL DISTRITAL'!A18 -> 4 | B43: ='PANEL DE CONTROL DISTRITAL'!B18 -> CONCILIACIÓN | C43: ='PANEL DE CONTROL DISTRITAL'!C18 -> Responsable de Módulo | D43: ='PANEL DE CONTROL DISTRITAL'!D18 -> Credenciales disponibles para entrega = | E43: ='PANEL DE CONTROL DISTRITAL'!E18 -> ((Credenciales recibidas - credenciales inconsistentes )/ Credenciales Recibidas) x 100 | F43: ='PANEL DE CONTROL DISTRITAL'!F18 -> Semanal (remesa) | G43: ='PANEL DE CONTROL DISTRITAL'!G18 -> 0.9 | H43: =AG19 -> 1
A46: ='PANEL DE CONTROL DISTRITAL'!A21 -> 5 | B46: ='PANEL DE CONTROL DISTRITAL'!B21 -> ENTREGA | C46: ='PANEL DE CONTROL DISTRITAL'!C21 -> Operador de Equipo Tecnológico | D46: ='PANEL DE CONTROL DISTRITAL'!D21 -> Efectividad de entrega de CPV en MAC = | E46: ='PANEL DE CONTROL DISTRITAL'!E21 -> Total de credenciales entregadas – reimpresiones por error de captura en MAC)/Total de credenciales entregadas ) x 100 | F46: ='PANEL DE CONTROL DISTRITAL'!F21 -> Semanal (remesa) | G46: ='PANEL DE CONTROL DISTRITAL'!G21 -> 0.9 | H46: =AG22 -> 1

Sheet 210351
A1: ='PANEL DE CONTROL DISTRITAL'!A1:Q1 -> INSTITUTO NACIONAL ELECTORAL SISTEMA DE GESTIÓN DE LA CALIDAD PUEBLA
D2: Distrito | E2: 1 | F2: Módulo | H2: 210351 | W2: ='PANEL DE CONTROL DISTRITAL'!M2 -> Fecha de corte 07 / 12 / 2020
A4: TABLERO DE CONTROL DE PROCESOS SUSTANTIVOS DEL SISTEMA DE GESTIÓN DE LA CALIDAD
A6: ='PANEL DE CONTROL DISTRITAL'!A6:A8 -> Número | B6: ='PANEL DE CONTROL DISTRITAL'!B6:H6 -> PROCESOS SUSTANTIVOS E INDICADORES | I6: SEMANA OPERATIVA | AG6: % AVANCE REGISTRADO
B7: ='PANEL DE CONTROL DISTRITAL'!B7:D7 -> DESCRIPCIÓN | E7: ='PANEL DE CONTROL DISTRITAL'!E7:H7 -> MEDICIÓN | I7: ='PANEL DE CONTROL DISTRITAL'!I5 -> CAMPAÑA ANUAL INTENSA 2020-2021
B9: ='PANEL DE CONTROL DISTRITAL'!B8 -> Proceso | C9: ='PANEL DE CONTROL DISTRITAL'!C8 -> Dueño de Proceso | D9: ='PANEL DE CONTROL DISTRITAL'!D8 -> Indicador | E9: ='PANEL DE CONTROL DISTRITAL'!E8 -> Cálculo | F9: ='PANEL DE CONTROL DISTRITAL'!F8 -> Periodo | G9: ='PANEL DE CONTROL DISTRITAL'!G8 -> Estimado | H9: ='PANEL DE CONTROL DISTRITAL'!H8 -> Nominativo | I9: ='210251'!I9 -> 2020-36 | J9: ='210251'!J9 -> 2020-37 | K9: ='210251'!K9 -> 2020-38 | L9: ='210251'!L9 -> 2020-39 | M9: ='210251'!M9 -> 2020-40 | N9: ='210251'!N9 -> 2020-41 | O9: ='210251'!O9 -> 2020-42 | P9: ='210251'!P9 -> 2020-43 | ... AF9: ='210251'!AF9 -> 2021-06
A10: ='PANEL DE CONTROL DISTRITAL'!A9 -> 1 | B10: ='PANEL DE CONTROL DISTRITAL'!B9 -> ENTREVISTA | C10: ='PANEL DE CONTROL DISTRITAL'!C9 -> Auxiliar de Atención Ciudadana | D10: ='PANEL DE CONTROL DISTRITAL'!D9 -> Efectividad de la entrevista = | E10: ='PANEL DE CONTROL DISTRITAL'!E9 -> (Número de fichas requisitadas- tramites no identificados por huella / Número de trámites aplicados) x 100 | F10: ='PANEL DE CONTROL DISTRITAL'!F9 -> Semanal (remesa) | G10: ='PANEL DE CONTROL DISTRITAL'!G9 -> 0.9 | H10: ='PANEL DE CONTROL DISTRITAL'!H10 -> Número de fichas requisitadas- tramites no identificados por huella | I10: 74 | J10: 322 | K10: 435 | L10: 354 | M10: 488 | N10: 558 | O10: 588 | P10: 612 | Q10: 550 | R10: 487 | S10: 451 | T10: 661 | U10: 528 | V10: 726 | W10: 763 | X10: 0 | Y10: 0 | Z10: 0 | AA10: 0 | AB10: 0 | AC10: 0 | AD10: 0 | AE10: 0 | AF10: 0 | AG10: =IFERROR(SUM(I10:AF10)/SUM(I11:AF11),0) -> 1.0098365
H11: ='PANEL DE CONTROL DISTRITAL'!H9 -> Número de trámites aplicados | I11: 77 | J11: 332 | K11: 461 | L11: 336 | M11: 507 | N11: 572 | O11: 585 | P11: 600 | Q11: 531 | R11: 483 | S11: 451 | T11: 644 | U11: 511 | V11: 703 | W11: 730 | X11: 0 | Y11: 0 | Z11: 0 | AA11: 0 | AB11: 0 | AC11: 0 | AD11: 0 | AE11: 0 | AF11: 0
A13: ='PANEL DE CONTROL DISTRITAL'!A12 -> 2 | B13: ='PANEL DE CONTROL DISTRITAL'!B12 -> TRÁMITE | C13: ='PANEL DE CONTROL DISTRITAL'!C12 -> Operador de Equipo Tecnológico | D13: ='PANEL DE CONTROL DISTRITAL'!D12 -> Trámites exitosos efectivos= | E13: ='PANEL DE CONTROL DISTRITAL'!E12 -> (Número de trámites exitosos/ Número de trámites aplicados) x 100 | F13: ='PANEL DE CONTROL DISTRITAL'!F12 -> Semanal (remesa) | G13: ='PANEL DE CONTROL DISTRITAL'!G12 -> 0.9 | H13: ='PANEL DE CONTROL DISTRITAL'!H13 -> Número de trámites exitosos | I13: 77 | J13: 331 | K13: 459 | L13: 333 | M13: 486 | N13: 567 | O13: 584 | P13: 593 | Q13: 529 | R13: 562 | S13: 449 | T13: 637 | U13: 506 | V13: 696 | W13: 719 | X13: 0 | Y13: 0 | Z13: 0 | AA13: 0 | AB13: 0 | AC13: 0 | AD13: 0 | AE13: 0 | AF13: 0 | AG13: =IFERROR(SUM(I13:AF13)/SUM(I14:AF14),0) -> 0.98948475
H14: ='PANEL DE CONTROL DISTRITAL'!H12 -> Número de trámites aplicados | I14: 77 | J14: 332 | K14: 461 | L14: 336 | M14: 488 | N14: 572 | O14: 585 | P14: 600 | Q14: 531 | R14: 587 | S14: 451 | T14: 644 | U14: 511 | V14: 703 | W14: 730 | X14: 0 | Y14: 0 | Z14: 0 | AA14: 0 | AB14: 0 | AC14: 0 | AD14: 0 | AE14: 0 | AF14: 0
A16: ='PANEL DE CONTROL DISTRITAL'!A15 -> 3 | B16: ='PANEL DE CONTROL DISTRITAL'!B15 -> TRANSFERENCIA | C16: ='PANEL DE CONTROL DISTRITAL'!C15 -> Responsable de Módulo | D16: ='PANEL DE CONTROL DISTRITAL'!D15 -> Transacciones exitosas = | E16: ='PANEL DE CONTROL DISTRITAL'!E15 -> (Número de Archivos de Transacción aceptados /Total de Archivos de Transacción procesados) x100 | F16: ='PANEL DE CONTROL DISTRITAL'!F15 -> Semanal (remesa) | G16: ='PANEL DE CONTROL DISTRITAL'!G15 -> 0.9 | H16: ='PANEL DE CONTROL DISTRITAL'!H16 -> Número de Archivos de Transacción aceptados | I16: 354 | J16: 1043 | K16: 1407 | L16: 1510 | M16: 2213 | N16: 1851 | O16: 2647 | P16: 2405 | Q16: 2391 | R16: 2259 | S16: 1077 | T16: 1324 | U16: 1133 | V16: 1270 | W16: 1374 | X16: 0 | Y16: 0 | Z16: 0 | AA16: 0 | AB16: 0 | AC16: 0 | AD16: 0 | AE16: 0 | AF16: 0 | AG16: =IFERROR(SUM(I16:AF16)/SUM(I17:AF17),0) -> 0.99626268
H17: ='PANEL DE CONTROL DISTRITAL'!H15 -> Total de Archivos de Transacción procesados | I17: 354 | J17: 1043 | K17: 1407 | L17: 1510 | M17: 2215 | N17: 1851 | O17: 2647 | P17: 2406 | Q17: 2397 | R17: 2262 | S17: 1077 | T17: 1337 | U17: 1199 | V17: 1270 | W17: 1374 | X17: 0 | Y17: 0 | Z17: 0 | AA17: 0 | AB17: 0 | AC17: 0 | AD17: 0 | AE17: 0 | AF17: 0
A19: ='PANEL DE CONTROL DISTRITAL'!A18 -> 4 | B19: ='PANEL DE CONTROL DISTRITAL'!B18 -> CONCILIACIÓN | C19: ='PANEL DE CONTROL DISTRITAL'!C18 -> Responsable de Módulo | D19: ='PANEL DE CONTROL DISTRITAL'!D18 -> Credenciales disponibles para entrega = | E19: ='PANEL DE CONTROL DISTRITAL'!E18 -> ((Credenciales recibidas - credenciales inconsistentes )/ Credenciales Recibidas) x 100 | F19: ='PANEL DE CONTROL DISTRITAL'!F18 -> Semanal (remesa) | G19: ='PANEL DE CONTROL DISTRITAL'!G18 -> 0.9 | H19: ='PANEL DE CONTROL DISTRITAL'!H19 -> Credenciales recibidas - credenciales inconsistentes | I19: 118 | J19: 258 | K19: 335 | L19: 423 | M19: 670 | N19: 350 | O19: 735 | P19: 575 | Q19: 589 | R19: 541 | S19: 457 | T19: 637 | U19: 523 | V19: 702 | W19: 703 | X19: 0 | Y19: 0 | Z19: 0 | AA19: 0 | AB19: 0 | AC19: 0 | AD19: 0 | AE19: 0 | AF19: 0 | AG19: =IFERROR(SUM(I16:AF16)/SUM(I17:AF17),0) -> 0.99626268
H20: ='PANEL DE CONTROL DISTRITAL'!H18 -> Credenciales Recibidas | I20: 118 | J20: 258 | K20: 335 | L20: 423 | M20: 670 | N20: 350 | O20: 735 | P20: 575 | Q20: 589 | R20: 541 | S20: 457 | T20: 637 | U20: 523 | V20: 702 | W20: 703 | X20: 0 | Y20: 0 | Z20: 0 | AA20: 0 | AB20: 0 | AC20: 0 | AD20: 0 | AE20: 0 | AF20: 0
A22: ='PANEL DE CONTROL DISTRITAL'!A21 -> 5 | B22: ='PANEL DE CONTROL DISTRITAL'!B21 -> ENTREGA | C22: ='PANEL DE CONTROL DISTRITAL'!C21 -> Operador de Equipo Tecnológico | D22: ='PANEL DE CONTROL DISTRITAL'!D21 -> Efectividad de entrega de CPV en MAC = | E22: ='PANEL DE CONTROL DISTRITAL'!E21 -> Total de credenciales entregadas – reimpresiones por error de captura en MAC)/Total de credenciales entregadas ) x 100 | F22: ='PANEL DE CONTROL DISTRITAL'!F21 -> Semanal (remesa) | G22: ='PANEL DE CONTROL DISTRITAL'!G21 -> 0.9 | H22: ='PANEL DE CONTROL DISTRITAL'!H22 -> Total de credenciales entregadas – reimpresiones por error de captura en MAC | I22: 41 | J22: 194 | K22: 276 | L22: 291 | M22: 387 | N22: 579 | O22: 583 | P22: 656 | Q22: 688 | R22: 593 | S22: 626 | T22: 680 | U22: 622 | V22: 567 | W22: 644 | X22: 0 | Y22: 0 | Z22: 0 | AA22: 0 | AB22: 0 | AC22: 0 | AD22: 0 | AE22: 0 | AF22: 0 | AG22: =IFERROR(SUM(I22:AF22)/SUM(I23:AF23),0) -> 1
H23: ='PANEL DE CONTROL DISTRITAL'!H21 -> Total de credenciales entregadas | I23: 41 | J23: 194 | K23: 276 | L23: 291 | M23: 387 | N23: 579 | O23: 583 | P23: 656 | Q23: 688 | R23: 593 | S23: 626 | T23: 680 | U23: 622 | V23: 567 | W23: 644 | X23: 0 | Y23: 0 | Z23: 0 | AA23: 0 | AB23: 0 | AC23: 0 | AD23: 0 | AE23: 0 | AF23: 0
B24: *Registre el valor nominal solicitado en la celda, el resultado proporcional esta automatizado.
I26: Semaforización
J27: Valor que requiere atención y justificación en el apartado de observaciones
J28: Valor suficiente
J29: Valor esperado
A31: ='PANEL DE CONTROL DISTRITAL'!A6 -> Número | B31: ='PANEL DE CONTROL DISTRITAL'!B6:H6 -> PROCESOS SUSTANTIVOS E INDICADORES | I31: CUADRO DE OBSERVACIONES
B32: ='PANEL DE CONTROL DISTRITAL'!B7:D7 -> DESCRIPCIÓN | E32: ='PANEL DE CONTROL DISTRITAL'!E7:H7 -> MEDICIÓN
B33: ='PANEL DE CONTROL DISTRITAL'!B8 -> Proceso | C33: ='PANEL DE CONTROL DISTRITAL'!C8 -> Dueño de Proceso | D33: ='PANEL DE CONTROL DISTRITAL'!D8 -> Indicador | E33: ='PANEL DE CONTROL DISTRITAL'!E8 -> Cálculo | F33: ='PANEL DE CONTROL DISTRITAL'!F8 -> Periodo | G33: ='PANEL DE CONTROL DISTRITAL'!G8 -> Estimado | H33: =AG6 -> % AVANCE REGISTRADO | I33: Descripción | O33: No conformidad
A34: ='PANEL DE CONTROL DISTRITAL'!A9 -> 1 | B34: ='PANEL DE CONTROL DISTRITAL'!B9 -> ENTREVISTA | C34: ='PANEL DE CONTROL DISTRITAL'!C9 -> Auxiliar de Atención Ciudadana | D34: ='PANEL DE CONTROL DISTRITAL'!D9 -> Efectividad de la entrevista = | E34: ='PANEL DE CONTROL DISTRITAL'!E9 -> (Número de fichas requisitadas- tramites no identificados por huella / Número de trámites aplicados) x 100 | F34: ='PANEL DE CONTROL DISTRITAL'!F9 -> Semanal (remesa) | G34: ='PANEL DE CONTROL DISTRITAL'!G9 -> 0.9 | H34: =AG10 -> 1.0098365
A37: ='PANEL DE CONTROL DISTRITAL'!A12 -> 2 | B37: ='PANEL DE CONTROL DISTRITAL'!B12 -> TRÁMITE | C37: ='PANEL DE CONTROL DISTRITAL'!C12 -> Operador de Equipo Tecnológico | D37: ='PANEL DE CONTROL DISTRITAL'!D12 -> Trámites exitosos efectivos= | E37: ='PANEL DE CONTROL DISTRITAL'!E12 -> (Número de trámites exitosos/ Número de trámites aplicados) x 100 | F37: ='PANEL DE CONTROL DISTRITAL'!F12 -> Semanal (remesa) | G37: ='PANEL DE CONTROL DISTRITAL'!G12 -> 0.9 | H37: =AG13 -> 0.98948475
A40: ='PANEL DE CONTROL DISTRITAL'!A15 -> 3 | B40: ='PANEL DE CONTROL DISTRITAL'!B15 -> TRANSFERENCIA | C40: ='PANEL DE CONTROL DISTRITAL'!C15 -> Responsable de Módulo | D40: ='PANEL DE CONTROL DISTRITAL'!D15 -> Transacciones exitosas = | E40: ='PANEL DE CONTROL DISTRITAL'!E15 -> (Número de Archivos de Transacción aceptados /Total de Archivos de Transacción procesados) x100 | F40: ='PANEL DE CONTROL DISTRITAL'!F15 -> Semanal (remesa) | G40: ='PANEL DE CONTROL DISTRITAL'!G15 -> 0.9 | H40: =AG16 -> 0.99626268
A43: ='PANEL DE CONTROL DISTRITAL'!A18 -> 4 | B43: ='PANEL DE CONTROL DISTRITAL'!B18 -> CONCILIACIÓN | C43: ='PANEL DE CONTROL DISTRITAL'!C18 -> Responsable de Módulo | D43: ='PANEL DE CONTROL DISTRITAL'!D18 -> Credenciales disponibles para entrega = | E43: ='PANEL DE CONTROL DISTRITAL'!E18 -> ((Credenciales recibidas - credenciales inconsistentes )/ Credenciales Recibidas) x 100 | F43: ='PANEL DE CONTROL DISTRITAL'!F18 -> Semanal (remesa) | G43: ='PANEL DE CONTROL DISTRITAL'!G18 -> 0.9 | H43: =AG19 -> 0.99626268
A46: ='PANEL DE CONTROL DISTRITAL'!A21 -> 5 | B46: ='PANEL DE CONTROL DISTRITAL'!B21 -> ENTREGA | C46: ='PANEL DE CONTROL DISTRITAL'!C21 -> Operador de Equipo Tecnológico | D46: ='PANEL DE CONTROL DISTRITAL'!D21 -> Efectividad de entrega de CPV en MAC = | E46: ='PANEL DE CONTROL DISTRITAL'!E21 -> Total de credenciales entregadas – reimpresiones por error de captura en MAC)/Total de credenciales entregadas ) x 100 | F46: ='PANEL DE CONTROL DISTRITAL'!F21 -> Semanal (remesa) | G46: ='PANEL DE CONTROL DISTRITAL'!G21 -> 0.9 | H46: =AG22 -> 1

Sheet 210352
A1: ='PANEL DE CONTROL DISTRITAL'!A1:Q1 -> INSTITUTO NACIONAL ELECTORAL SISTEMA DE GESTIÓN DE LA CALIDAD PUEBLA
D2: Distrito | E2: 1 | F2: Módulo | H2: 210352 | W2: ='PANEL DE CONTROL DISTRITAL'!M2 -> Fecha de corte 07 / 12 / 2020
A4: ='210351'!A4:AG4 -> TABLERO DE CONTROL DE PROCESOS SUSTANTIVOS DEL SISTEMA DE GESTIÓN DE LA CALIDAD
A6: ='PANEL DE CONTROL DISTRITAL'!A6:A8 -> Número | B6: ='PANEL DE CONTROL DISTRITAL'!B6:H6 -> PROCESOS SUSTANTIVOS E INDICADORES | I6: ='210351'!I6:AF6 -> SEMANA OPERATIVA | AG6: ='210351'!AG6:AG9 -> % AVANCE REGISTRADO
B7: ='PANEL DE CONTROL DISTRITAL'!B7:D7 -> DESCRIPCIÓN | E7: ='PANEL DE CONTROL DISTRITAL'!E7:H7 -> MEDICIÓN | I7: ='PANEL DE CONTROL DISTRITAL'!I5 -> CAMPAÑA ANUAL INTENSA 2020-2021
B9: ='PANEL DE CONTROL DISTRITAL'!B8 -> Proceso | C9: ='PANEL DE CONTROL DISTRITAL'!C8 -> Dueño de Proceso | D9: ='PANEL DE CONTROL DISTRITAL'!D8 -> Indicador | E9: ='PANEL DE CONTROL DISTRITAL'!E8 -> Cálculo | F9: ='PANEL DE CONTROL DISTRITAL'!F8 -> Periodo | G9: ='PANEL DE CONTROL DISTRITAL'!G8 -> Estimado | H9: ='PANEL DE CONTROL DISTRITAL'!H8 -> Nominativo | I9: ='210351'!I9 -> 2020-36 | J9: ='210351'!J9 -> 2020-37 | K9: ='210351'!K9 -> 2020-38 | L9: ='210351'!L9 -> 2020-39 | M9: ='210351'!M9 -> 2020-40 | N9: ='210351'!N9 -> 2020-41 | O9: ='210351'!O9 -> 2020-42 | P9: ='210351'!P9 -> 2020-43 | ... AF9: ='210351'!AF9 -> 2021-06
A10: ='PANEL DE CONTROL DISTRITAL'!A9 -> 1 | B10: ='PANEL DE CONTROL DISTRITAL'!B9 -> ENTREVISTA | C10: ='PANEL DE CONTROL DISTRITAL'!C9 -> Auxiliar de Atención Ciudadana | D10: ='PANEL DE CONTROL DISTRITAL'!D9 -> Efectividad de la entrevista = | E10: ='PANEL DE CONTROL DISTRITAL'!E9 -> (Número de fichas requisitadas- tramites no identificados por huella / Número de trámites aplicados) x 100 | F10: ='PANEL DE CONTROL DISTRITAL'!F9 -> Semanal (remesa) | G10: ='PANEL DE CONTROL DISTRITAL'!G9 -> 0.9 | H10: ='PANEL DE CONTROL DISTRITAL'!H10 -> Número de fichas requisitadas- tramites no identificados por huella | I10: 0 | J10: 173 | K10: 228 | L10: 168 | M10: 241 | N10: 239 | O10: 297 | P10: 260 | Q10: 274 | R10: 267 | S10: 225 | T10: 276 | U10: 213 | V10: 284 | W10: 280 | X10: 0 | Y10: 0 | Z10: 0 | AA10: 0 | AB10: 0 | AC10: 0 | AD10: 0 | AE10: 0 | AF10: 0 | AG10: =IFERROR(SUM(I10:AF10)/SUM(I11:AF11),0) -> 1.019042
H11: ='PANEL DE CONTROL DISTRITAL'!H9 -> Número de trámites aplicados | I11: 0 | J11: 171 | K11: 220 | L11: 162 | M11: 229 | N11: 232 | O11: 288 | P11: 253 | Q11: 270 | R11: 261 | S11: 225 | T11: 277 | U11: 213 | V11: 286 | W11: 274 | X11: 0 | Y11: 0 | Z11: 0 | AA11: 0 | AB11: 0 | AC11: 0 | AD11: 0 | AE11: 0 | AF11: 0
A13: ='PANEL DE CONTROL DISTRITAL'!A12 -> 2 | B13: ='PANEL DE CONTROL DISTRITAL'!B12 -> TRÁMITE | C13: ='PANEL DE CONTROL DISTRITAL'!C12 -> Operador de Equipo Tecnológico | D13: ='PANEL DE CONTROL DISTRITAL'!D12 -> Trámites exitosos efectivos= | E13: ='PANEL DE CONTROL DISTRITAL'!E12 -> (Número de trámites exitosos/ Número de trámites aplicados) x 100 | F13: ='PANEL DE CONTROL DISTRITAL'!F12 -> Semanal (remesa) | G13: ='PANEL DE CONTROL DISTRITAL'!G12 -> 0.9 | H13: ='PANEL DE CONTROL DISTRITAL'!H13 -> Número de trámites exitosos | I13: 0 | J13: 170 | K13: 218 | L13: 154 | M13: 227 | N13: 231 | O13: 283 | P13: 250 | Q13: 267 | R13: 192 | S13: 221 | T13: 277 | U13: 210 | V13: 281 | W13: 268 | X13: 0 | Y13: 0 | Z13: 0 | AA13: 0 | AB13: 0 | AC13: 0 | AD13: 0 | AE13: 0 | AF13: 0 | AG13: =IFERROR(SUM(I13:AF13)/SUM(I14:AF14),0) -> 0.96667658
H14: ='PANEL DE CONTROL DISTRITAL'!H12 -> Número de trámites aplicados | I14: 0 | J14: 171 | K14: 220 | L14: 162 | M14: 229 | N14: 232 | O14: 288 | P14: 253 | Q14: 270 | R14: 261 | S14: 225 | T14: 277 | U14: 213 | V14: 286 | W14: 274 | X14: 0 | Y14: 0 | Z14: 0 | AA14: 0 | AB14: 0 | AC14: 0 | AD14: 0 | AE14: 0 | AF14: 0
A16: ='PANEL DE CONTROL DISTRITAL'!A15 -> 3 | B16: ='PANEL DE CONTROL DISTRITAL'!B15 -> TRANSFERENCIA | C16: ='PANEL DE CONTROL DISTRITAL'!C15 -> Responsable de Módulo | D16: ='PANEL DE CONTROL DISTRITAL'!D15 -> Transacciones exitosas = | E16: ='PANEL DE CONTROL DISTRITAL'!E15 -> (Número de Archivos de Transacción aceptados /Total de Archivos de Transacción procesados) x100 | F16: ='PANEL DE CONTROL DISTRITAL'!F15 -> Semanal (remesa) | G16: ='PANEL DE CONTROL DISTRITAL'!G15 -> 0.9 | H16: ='PANEL DE CONTROL DISTRITAL'!H16 -> Número de Archivos de Transacción aceptados | I16: 0 | J16: 171 | K16: 220 | L16: 162 | M16: 229 | N16: 232 | O16: 288 | P16: 253 | Q16: 270 | R16: 261 | S16: 468 | T16: 542 | U16: 456 | V16: 530 | W16: 536 | X16: 0 | Y16: 0 | Z16: 0 | AA16: 0 | AB16: 0 | AC16: 0 | AD16: 0 | AE16: 0 | AF16: 0 | AG16: =IFERROR(SUM(I16:AF16)/SUM(I17:AF17),0) -> 1
H17: ='PANEL DE CONTROL DISTRITAL'!H15 -> Total de Archivos de Transacción procesados | I17: 0 | J17: 171 | K17: 220 | L17: 162 | M17: 229 | N17: 232 | O17: 288 | P17: 253 | Q17: 270 | R17: 261 | S17: 468 | T17: 542 | U17: 456 | V17: 530 | W17: 536 | X17: 0 | Y17: 0 | Z17: 0 | AA17: 0 | AB17: 0 | AC17: 0 | AD17: 0 | AE17: 0 | AF17: 0
A19: ='PANEL DE CONTROL DISTRITAL'!A18 -> 4 | B19: ='PANEL DE CONTROL DISTRITAL'!B18 -> CONCILIACIÓN | C19: ='PANEL DE CONTROL DISTRITAL'!C18 -> Responsable de Módulo | D19: ='PANEL DE CONTROL DISTRITAL'!D18 -> Credenciales disponibles para entrega = | E19: ='PANEL DE CONTROL DISTRITAL'!E18 -> ((Credenciales recibidas - credenciales inconsistentes )/ Credenciales Recibidas) x 100 | F19: ='PANEL DE CONTROL DISTRITAL'!F18 -> Semanal (remesa) | G19: ='PANEL DE CONTROL DISTRITAL'!G18 -> 0.9 | H19: ='PANEL DE CONTROL DISTRITAL'!H19 -> Credenciales recibidas - credenciales inconsistentes | I19: 0 | J19: 101 | K19: 232 | L19: 188 | M19: 162 | N19: 307 | O19: 229 | P19: 250 | Q19: 268 | R19: 256 | S19: 205 | T19: 299 | U19: 171 | V19: 217 | W19: 318 | X19: 0 | Y19: 0 | Z19: 0 | AA19: 0 | AB19: 0 | AC19: 0 | AD19: 0 | AE19: 0 | AF19: 0 | AG19: =IFERROR(SUM(I16:AF16)/SUM(I17:AF17),0) -> 1
H20: ='PANEL DE CONTROL DISTRITAL'!H18 -> Credenciales Recibidas | I20: 0 | J20: 101 | K20: 232 | L20: 188 | M20: 162 | N20: 307 | O20: 229 | P20: 250 | Q20: 268 | R20: 256 | S20: 205 | T20: 299 | U20: 171 | V20: 217 | W20: 318 | X20: 0 | Y20: 0 | Z20: 0 | AA20: 0 | AB20: 0 | AC20: 0 | AD20: 0 | AE20: 0 | AF20: 0
A22: ='PANEL DE CONTROL DISTRITAL'!A21 -> 5 | B22: ='PANEL DE CONTROL DISTRITAL'!B21 -> ENTREGA | C22: ='PANEL DE CONTROL DISTRITAL'!C21 -> Operador de Equipo Tecnológico | D22: ='PANEL DE CONTROL DISTRITAL'!D21 -> Efectividad de entrega de CPV en MAC = | E22: ='PANEL DE CONTROL DISTRITAL'!E21 -> Total de credenciales entregadas – reimpresiones por error de captura en MAC)/Total de credenciales entregadas ) x 100 | F22: ='PANEL DE CONTROL DISTRITAL'!F21 -> Semanal (remesa) | G22: ='PANEL DE CONTROL DISTRITAL'!G21 -> 0.9 | H22: ='PANEL DE CONTROL DISTRITAL'!H22 -> Total de credenciales entregadas – reimpresiones por error de captura en MAC | I22: 0 | J22: 115 | K22: 201 | L22: 192 | M22: 215 | N22: 210 | O22: 211 | P22: 317 | Q22: 258 | R22: 289 | S22: 243 | T22: 265 | U22: 243 | V22: 244 | W22: 262 | X22: 0 | Y22: 0 | Z22: 0 | AA22: 0 | AB22: 0 | AC22: 0 | AD22: 0 | AE22: 0 | AF22: 0 | AG22: =IFERROR(SUM(I22:AF22)/SUM(I23:AF23),0) -> 1
H23: ='PANEL DE CONTROL DISTRITAL'!H21 -> Total de credenciales entregadas | I23: 0 | J23: 115 | K23: 201 | L23: 192 | M23: 215 | N23: 210 | O23: 211 | P23: 317 | Q23: 258 | R23: 289 | S23: 243 | T23: 265 | U23: 243 | V23: 244 | W23: 262 | X23: 0 | Y23: 0 | Z23: 0 | AA23: 0 | AB23: 0 | AC23: 0 | AD23: 0 | AE23: 0 | AF23: 0
B24: *Registre el valor nominal solicitado en la celda, el resultado proporcional esta automatizado.
I26: Semaforización
J27: Valor que requiere atención y justificación en el apartado de observaciones
J28: Valor suficiente
J29: Valor esperado
A31: ='PANEL DE CONTROL DISTRITAL'!A6 -> Número | B31: ='PANEL DE CONTROL DISTRITAL'!B6:H6 -> PROCESOS SUSTANTIVOS E INDICADORES | I31: ='210351'!I31:T32 -> CUADRO DE OBSERVACIONES
B32: ='PANEL DE CONTROL DISTRITAL'!B7:D7 -> DESCRIPCIÓN | E32: ='PANEL DE CONTROL DISTRITAL'!E7:H7 -> MEDICIÓN
B33: ='PANEL DE CONTROL DISTRITAL'!B8 -> Proceso | C33: ='PANEL DE CONTROL DISTRITAL'!C8 -> Dueño de Proceso | D33: ='PANEL DE CONTROL DISTRITAL'!D8 -> Indicador | E33: ='PANEL DE CONTROL DISTRITAL'!E8 -> Cálculo | F33: ='PANEL DE CONTROL DISTRITAL'!F8 -> Periodo | G33: ='PANEL DE CONTROL DISTRITAL'!G8 -> Estimado | H33: =AG6 -> % AVANCE REGISTRADO | I33: ='210351'!I33:N33 -> Descripción | O33: ='210351'!O33:T33 -> No conformidad
A34: ='PANEL DE CONTROL DISTRITAL'!A9 -> 1 | B34: ='PANEL DE CONTROL DISTRITAL'!B9 -> ENTREVISTA | C34: ='PANEL DE CONTROL DISTRITAL'!C9 -> Auxiliar de Atención Ciudadana | D34: ='PANEL DE CONTROL DISTRITAL'!D9 -> Efectividad de la entrevista = | E34: ='PANEL DE CONTROL DISTRITAL'!E9 -> (Número de fichas requisitadas- tramites no identificados por huella / Número de trámites aplicados) x 100 | F34: ='PANEL DE CONTROL DISTRITAL'!F9 -> Semanal (remesa) | G34: ='PANEL DE CONTROL DISTRITAL'!G9 -> 0.9 | H34: =AG10 -> 1.019042
A37: ='PANEL DE CONTROL DISTRITAL'!A12 -> 2 | B37: ='PANEL DE CONTROL DISTRITAL'!B12 -> TRÁMITE | C37: ='PANEL DE CONTROL DISTRITAL'!C12 -> Operador de Equipo Tecnológico | D37: ='PANEL DE CONTROL DISTRITAL'!D12 -> Trámites exitosos efectivos= | E37: ='PANEL DE CONTROL DISTRITAL'!E12 -> (Número de trámites exitosos/ Número de trámites aplicados) x 100 | F37: ='PANEL DE CONTROL DISTRITAL'!F12 -> Semanal (remesa) | G37: ='PANEL DE CONTROL DISTRITAL'!G12 -> 0.9 | H37: =AG13 -> 0.96667658
A40: ='PANEL DE CONTROL DISTRITAL'!A15 -> 3 | B40: ='PANEL DE CONTROL DISTRITAL'!B15 -> TRANSFERENCIA | C40: ='PANEL DE CONTROL DISTRITAL'!C15 -> Responsable de Módulo | D40: ='PANEL DE CONTROL DISTRITAL'!D15 -> Transacciones exitosas = | E40: ='PANEL DE CONTROL DISTRITAL'!E15 -> (Número de Archivos de Transacción aceptados /Total de Archivos de Transacción procesados) x100 | F40: ='PANEL DE CONTROL DISTRITAL'!F15 -> Semanal (remesa) | G40: ='PANEL DE CONTROL DISTRITAL'!G15 -> 0.9 | H40: =AG16 -> 1
A43: ='PANEL DE CONTROL DISTRITAL'!A18 -> 4 | B43: ='PANEL DE CONTROL DISTRITAL'!B18 -> CONCILIACIÓN | C43: ='PANEL DE CONTROL DISTRITAL'!C18 -> Responsable de Módulo | D43: ='PANEL DE CONTROL DISTRITAL'!D18 -> Credenciales disponibles para entrega = | E43: ='PANEL DE CONTROL DISTRITAL'!E18 -> ((Credenciales recibidas - credenciales inconsistentes )/ Credenciales Recibidas) x 100 | F43: ='PANEL DE CONTROL DISTRITAL'!F18 -> Semanal (remesa) | G43: ='PANEL DE CONTROL DISTRITAL'!G18 -> 0.9 | H43: =AG19 -> 1
A46: ='PANEL DE CONTROL DISTRITAL'!A21 -> 5 | B46: ='PANEL DE CONTROL DISTRITAL'!B21 -> ENTREGA | C46: ='PANEL DE CONTROL DISTRITAL'!C21 -> Operador de Equipo Tecnológico | D46: ='PANEL DE CONTROL DISTRITAL'!D21 -> Efectividad de entrega de CPV en MAC = | E46: ='PANEL DE CONTROL DISTRITAL'!E21 -> Total de credenciales entregadas – reimpresiones por error de captura en MAC)/Total de credenciales entregadas ) x 100 | F46: ='PANEL DE CONTROL DISTRITAL'!F21 -> Semanal (remesa) | G46: ='PANEL DE CONTROL DISTRITAL'!G21 -> 0.9 | H46: =AG22 -> 1

Sheet 210353
A1: ='PANEL DE CONTROL DISTRITAL'!A1:Q1 -> INSTITUTO NACIONAL ELECTORAL SISTEMA DE GESTIÓN DE LA CALIDAD PUEBLA
D2: Distrito | E2: 1 | F2: Módulo | H2: 210353 | W2: ='PANEL DE CONTROL DISTRITAL'!M2 -> Fecha de corte 07 / 12 / 2020
A4: ='210351'!A4:AG4 -> TABLERO DE CONTROL DE PROCESOS SUSTANTIVOS DEL SISTEMA DE GESTIÓN DE LA CALIDAD
A6: ='PANEL DE CONTROL DISTRITAL'!A6:A8 -> Número | B6: ='PANEL DE CONTROL DISTRITAL'!B6:H6 -> PROCESOS SUSTANTIVOS E INDICADORES | I6: ='210351'!I6:AF6 -> SEMANA OPERATIVA | AG6: ='210351'!AG6:AG9 -> % AVANCE REGISTRADO
B7: ='PANEL DE CONTROL DISTRITAL'!B7:D7 -> DESCRIPCIÓN | E7: ='PANEL DE CONTROL DISTRITAL'!E7:H7 -> MEDICIÓN | I7: ='PANEL DE CONTROL DISTRITAL'!I5 -> CAMPAÑA ANUAL INTENSA 2020-2021
B9: ='PANEL DE CONTROL DISTRITAL'!B8 -> Proceso | C9: ='PANEL DE CONTROL DISTRITAL'!C8 -> Dueño de Proceso | D9: ='PANEL DE CONTROL DISTRITAL'!D8 -> Indicador | E9: ='PANEL DE CONTROL DISTRITAL'!E8 -> Cálculo | F9: ='PANEL DE CONTROL DISTRITAL'!F8 -> Periodo | G9: ='PANEL DE CONTROL DISTRITAL'!G8 -> Estimado | H9: ='PANEL DE CONTROL DISTRITAL'!H8 -> Nominativo | I9: ='210351'!I9 -> 2020-36 | J9: ='210351'!J9 -> 2020-37 | K9: ='210351'!K9 -> 2020-38 | L9: ='210351'!L9 -> 2020-39 | M9: ='210351'!M9 -> 2020-40 | N9: ='210351'!N9 -> 2020-41 | O9: ='210351'!O9 -> 2020-42 | P9: ='210351'!P9 -> 2020-43 | ... AF9: ='210351'!AF9 -> 2021-06
A10: ='PANEL DE CONTROL DISTRITAL'!A9 -> 1 | B10: ='PANEL DE CONTROL DISTRITAL'!B9 -> ENTREVISTA | C10: ='PANEL DE CONTROL DISTRITAL'!C9 -> Auxiliar de Atención Ciudadana | D10: ='PANEL DE CONTROL DISTRITAL'!D9 -> Efectividad de la entrevista = | E10: ='PANEL DE CONTROL DISTRITAL'!E9 -> (Número de fichas requisitadas- tramites no identificados por huella / Número de trámites aplicados) x 100 | F10: ='PANEL DE CONTROL DISTRITAL'!F9 -> Semanal (remesa) | G10: ='PANEL DE CONTROL DISTRITAL'!G9 -> 0.9 | H10: ='PANEL DE CONTROL DISTRITAL'!H10 -> Número de fichas requisitadas- tramites no identificados por huella | I10: 0 | J10: 0 | K10: 0 | L10: 0 | M10: 0 | N10: 0 | O10: 0 | P10: 0 | Q10: 0 | R10: 0 | S10: 0 | T10: 0 | U10: 0 | V10: 0 | W10: 0 | X10: 0 | Y10: 0 | Z10: 0 | AA10: 0 | AB10: 0 | AC10: 0 | AD10: 0 | AE10: 0 | AF10: 0 | AG10: =IFERROR(SUM(I10:AF10)/SUM(I11:AF11),0) -> 0
H11: ='PANEL DE CONTROL DISTRITAL'!H9 -> Número de trámites aplicados | I11: 0 | J11: 0 | K11: 0 | L11: 0 | M11: 0 | N11: 0 | O11: 0 | P11: 0 | Q11: 0 | R11: 0 | S11: 0 | T11: 0 | U11: 0 | V11: 0 | W11: 0 | X11: 0 | Y11: 0 | Z11: 0 | AA11: 0 | AB11: 0 | AC11: 0 | AD11: 0 | AE11: 0 | AF11: 0
A13: ='PANEL DE CONTROL DISTRITAL'!A12 -> 2 | B13: ='PANEL DE CONTROL DISTRITAL'!B12 -> TRÁMITE | C13: ='PANEL DE CONTROL DISTRITAL'!C12 -> Operador de Equipo Tecnológico | D13: ='PANEL DE CONTROL DISTRITAL'!D12 -> Trámites exitosos efectivos= | E13: ='PANEL DE CONTROL DISTRITAL'!E12 -> (Número de trámites exitosos/ Número de trámites aplicados) x 100 | F13: ='PANEL DE CONTROL DISTRITAL'!F12 -> Semanal (remesa) | G13: ='PANEL DE CONTROL DISTRITAL'!G12 -> 0.9 | H13: ='PANEL DE CONTROL DISTRITAL'!H13 -> Número de trámites exitosos | I13: 0 | J13: 0 | K13: 0 | L13: 0 | M13: 0 | N13: 0 | O13: 104 | P13: 172 | Q13: 194 | R13: 184 | S13: 139 | T13: 216 | U13: 179 | V13: 215 | W13: 190 | X13: 0 | Y13: 0 | Z13: 0 | AA13: 0 | AB13: 0 | AC13: 0 | AD13: 0 | AE13: 0 | AF13: 0 | AG13: =IFERROR(SUM(I13:AF13)/SUM(I14:AF14),0) -> 0.98882682
H14: ='PANEL DE CONTROL DISTRITAL'!H12 -> Número de trámites aplicados | I14: 0 | J14: 0 | K14: 0 | L14: 0 | M14: 0 | N14: 0 | O14: 104 | P14: 172 | Q14: 194 | R14: 186 | S14: 141 | T14: 221 | U14: 179 | V14: 219 | W14: 195 | X14: 0 | Y14: 0 | Z14: 0 | AA14: 0 | AB14: 0 | AC14: 0 | AD14: 0 | AE14: 0 | AF14: 0
A16: ='PANEL DE CONTROL DISTRITAL'!A15 -> 3 | B16: ='PANEL DE CONTROL DISTRITAL'!B15 -> TRANSFERENCIA | C16: ='PANEL DE CONTROL DISTRITAL'!C15 -> Responsable de Módulo | D16: ='PANEL DE CONTROL DISTRITAL'!D15 -> Transacciones exitosas = | E16: ='PANEL DE CONTROL DISTRITAL'!E15 -> (Número de Archivos de Transacción aceptados /Total de Archivos de Transacción procesados) x100 | F16: ='PANEL DE CONTROL DISTRITAL'!F15 -> Semanal (remesa) | G16: ='PANEL DE CONTROL DISTRITAL'!G15 -> 0.9 | H16: ='PANEL DE CONTROL DISTRITAL'!H16 -> Número de Archivos de Transacción aceptados | I16: 0 | J16: 17 | K16: 44 | L16: 15 | M16: 12 | N16: 7 | O16: 154 | P16: 558 | Q16: 314 | R16: 382 | S16: 261 | T16: 432 | U16: 379 | V16: 435 | W16: 387 | X16: 0 | Y16: 0 | Z16: 0 | AA16: 0 | AB16: 0 | AC16: 0 | AD16: 0 | AE16: 0 | AF16: 0 | AG16: =IFERROR(SUM(I16:AF16)/SUM(I17:AF17),0) -> 0.99647991
H17: ='PANEL DE CONTROL DISTRITAL'!H15 -> Total de Archivos de Transacción procesados | I17: 0 | J17: 17 | K17: 44 | L17: 15 | M17: 12 | N17: 7 | O17: 154 | P17: 558 | Q17: 314 | R17: 382 | S17: 261 | T17: 437 | U17: 386 | V17: 435 | W17: 387 | X17: 0 | Y17: 0 | Z17: 0 | AA17: 0 | AB17: 0 | AC17: 0 | AD17: 0 | AE17: 0 | AF17: 0
A19: ='PANEL DE CONTROL DISTRITAL'!A18 -> 4 | B19: ='PANEL DE CONTROL DISTRITAL'!B18 -> CONCILIACIÓN | C19: ='PANEL DE CONTROL DISTRITAL'!C18 -> Responsable de Módulo | D19: ='PANEL DE CONTROL DISTRITAL'!D18 -> Credenciales disponibles para entrega = | E19: ='PANEL DE CONTROL DISTRITAL'!E18 -> ((Credenciales recibidas - credenciales inconsistentes )/ Credenciales Recibidas) x 100 | F19: ='PANEL DE CONTROL DISTRITAL'!F18 -> Semanal (remesa) | G19: ='PANEL DE CONTROL DISTRITAL'!G18 -> 0.9 | H19: ='PANEL DE CONTROL DISTRITAL'!H19 -> Credenciales recibidas - credenciales inconsistentes | I19: 0 | J19: 0 | K19: 14 | L19: 0 | M19: 0 | N19: 0 | O19: 0 | P19: 160 | Q19: 157 | R19: 196 | S19: 129 | T19: 188 | U19: 187 | V19: 223 | W19: 214 | X19: 0 | Y19: 0 | Z19: 0 | AA19: 0 | AB19: 0 | AC19: 0 | AD19: 0 | AE19: 0 | AF19: 0 | AG19: =IFERROR(SUM(I16:AF16)/SUM(I17:AF17),0) -> 0.99647991
H20: ='PANEL DE CONTROL DISTRITAL'!H18 -> Credenciales Recibidas | I20: 0 | J20: 0 | K20: 14 | L20: 0 | M20: 0 | N20: 0 | O20: 0 | P20: 160 | Q20: 157 | R20: 196 | S20: 129 | T20: 188 | U20: 187 | V20: 223 | W20: 214 | X20: 0 | Y20: 0 | Z20: 0 | AA20: 0 | AB20: 0 | AC20: 0 | AD20: 0 | AE20: 0 | AF20: 0
A22: ='PANEL DE CONTROL DISTRITAL'!A21 -> 5 | B22: ='PANEL DE CONTROL DISTRITAL'!B21 -> ENTREGA | C22: ='PANEL DE CONTROL DISTRITAL'!C21 -> Operador de Equipo Tecnológico | D22: ='PANEL DE CONTROL DISTRITAL'!D21 -> Efectividad de entrega de CPV en MAC = | E22: ='PANEL DE CONTROL DISTRITAL'!E21 -> Total de credenciales entregadas – reimpresiones por error de captura en MAC)/Total de credenciales entregadas ) x 100 | F22: ='PANEL DE CONTROL DISTRITAL'!F21 -> Semanal (remesa) | G22: ='PANEL DE CONTROL DISTRITAL'!G21 -> 0.9 | H22: ='PANEL DE CONTROL DISTRITAL'!H22 -> Total de credenciales entregadas – reimpresiones por error de captura en MAC | I22: 0 | J22: 17 | K22: 16 | L22: 15 | M22: 12 | N22: 7 | O22: 50 | P22: 66 | Q22: 134 | R22: 191 | S22: 120 | T22: 211 | U22: 200 | V22: 216 | W22: 192 | X22: 0 | Y22: 0 | Z22: 0 | AA22: 0 | AB22: 0 | AC22: 0 | AD22: 0 | AE22: 0 | AF22: 0 | AG22: =IFERROR(SUM(I22:AF22)/SUM(I23:AF23),0) -> 1
H23: ='PANEL DE CONTROL DISTRITAL'!H21 -> Total de credenciales entregadas | I23: 0 | J23: 17 | K23: 16 | L23: 15 | M23: 12 | N23: 7 | O23: 50 | P23: 66 | Q23: 134 | R23: 191 | S23: 120 | T23: 211 | U23: 200 | V23: 216 | W23: 192 | X23: 0 | Y23: 0 | Z23: 0 | AA23: 0 | AB23: 0 | AC23: 0 | AD23: 0 | AE23: 0 | AF23: 0
B24: *Registre el valor nominal solicitado en la celda, el resultado proporcional esta automatizado.
I26: Semaforización
J27: Valor que requiere atención y justificación en el apartado de observaciones
J28: Valor suficiente
J29: Valor esperado
A31: ='PANEL DE CONTROL DISTRITAL'!A6 -> Número | B31: ='PANEL DE CONTROL DISTRITAL'!B6:H6 -> PROCESOS SUSTANTIVOS E INDICADORES | I31: ='210351'!I31:T32 -> CUADRO DE OBSERVACIONES
B32: ='PANEL DE CONTROL DISTRITAL'!B7:D7 -> DESCRIPCIÓN | E32: ='PANEL DE CONTROL DISTRITAL'!E7:H7 -> MEDICIÓN
B33: ='PANEL DE CONTROL DISTRITAL'!B8 -> Proceso | C33: ='PANEL DE CONTROL DISTRITAL'!C8 -> Dueño de Proceso | D33: ='PANEL DE CONTROL DISTRITAL'!D8 -> Indicador | E33: ='PANEL DE CONTROL DISTRITAL'!E8 -> Cálculo | F33: ='PANEL DE CONTROL DISTRITAL'!F8 -> Periodo | G33: ='PANEL DE CONTROL DISTRITAL'!G8 -> Estimado | H33: =AG6 -> % AVANCE REGISTRADO | I33: ='210351'!I33:N33 -> Descripción | O33: ='210351'!O33:T33 -> No conformidad
A34: ='PANEL DE CONTROL DISTRITAL'!A9 -> 1 | B34: ='PANEL DE CONTROL DISTRITAL'!B9 -> ENTREVISTA | C34: ='PANEL DE CONTROL DISTRITAL'!C9 -> Auxiliar de Atención Ciudadana | D34: ='PANEL DE CONTROL DISTRITAL'!D9 -> Efectividad de la entrevista = | E34: ='PANEL DE CONTROL DISTRITAL'!E9 -> (Número de fichas requisitadas- tramites no identificados por huella / Número de trámites aplicados) x 100 | F34: ='PANEL DE CONTROL DISTRITAL'!F9 -> Semanal (remesa) | G34: ='PANEL DE CONTROL DISTRITAL'!G9 -> 0.9 | H34: =AG10 -> 0
A37: ='PANEL DE CONTROL DISTRITAL'!A12 -> 2 | B37: ='PANEL DE CONTROL DISTRITAL'!B12 -> TRÁMITE | C37: ='PANEL DE CONTROL DISTRITAL'!C12 -> Operador de Equipo Tecnológico | D37: ='PANEL DE CONTROL DISTRITAL'!D12 -> Trámites exitosos efectivos= | E37: ='PANEL DE CONTROL DISTRITAL'!E12 -> (Número de trámites exitosos/ Número de trámites aplicados) x 100 | F37: ='PANEL DE CONTROL DISTRITAL'!F12 -> Semanal (remesa) | G37: ='PANEL DE CONTROL DISTRITAL'!G12 -> 0.9 | H37: =AG13 -> 0.98882682
A40: ='PANEL DE CONTROL DISTRITAL'!A15 -> 3 | B40: ='PANEL DE CONTROL DISTRITAL'!B15 -> TRANSFERENCIA | C40: ='PANEL DE CONTROL DISTRITAL'!C15 -> Responsable de Módulo | D40: ='PANEL DE CONTROL DISTRITAL'!D15 -> Transacciones exitosas = | E40: ='PANEL DE CONTROL DISTRITAL'!E15 -> (Número de Archivos de Transacción aceptados /Total de Archivos de Transacción procesados) x100 | F40: ='PANEL DE CONTROL DISTRITAL'!F15 -> Semanal (remesa) | G40: ='PANEL DE CONTROL DISTRITAL'!G15 -> 0.9 | H40: =AG16 -> 0.99647991
A43: ='PANEL DE CONTROL DISTRITAL'!A18 -> 4 | B43: ='PANEL DE CONTROL DISTRITAL'!B18 -> CONCILIACIÓN | C43: ='PANEL DE CONTROL DISTRITAL'!C18 -> Responsable de Módulo | D43: ='PANEL DE CONTROL DISTRITAL'!D18 -> Credenciales disponibles para entrega = | E43: ='PANEL DE CONTROL DISTRITAL'!E18 -> ((Credenciales recibidas - credenciales inconsistentes )/ Credenciales Recibidas) x 100 | F43: ='PANEL DE CONTROL DISTRITAL'!F18 -> Semanal (remesa) | G43: ='PANEL DE CONTROL DISTRITAL'!G18 -> 0.9 | H43: =AG19 -> 0.99647991
A46: ='PANEL DE CONTROL DISTRITAL'!A21 -> 5 | B46: ='PANEL DE CONTROL DISTRITAL'!B21 -> ENTREGA | C46: ='PANEL DE CONTROL DISTRITAL'!C21 -> Operador de Equipo Tecnológico | D46: ='PANEL DE CONTROL DISTRITAL'!D21 -> Efectividad de entrega de CPV en MAC = | E46: ='PANEL DE CONTROL DISTRITAL'!E21 -> Total de credenciales entregadas – reimpresiones por error de captura en MAC)/Total de credenciales entregadas ) x 100 | F46: ='PANEL DE CONTROL DISTRITAL'!F21 -> Semanal (remesa) | G46: ='PANEL DE CONTROL DISTRITAL'!G21 -> 0.9 | H46: =AG22 -> 1

Sheet 210354
A1: ='PANEL DE CONTROL DISTRITAL'!A1:Q1 -> INSTITUTO NACIONAL ELECTORAL SISTEMA DE GESTIÓN DE LA CALIDAD PUEBLA
D2: Distrito | E2: 1 | F2: Módulo | H2: 210354 | W2: ='PANEL DE CONTROL DISTRITAL'!M2 -> Fecha de corte 07 / 12 / 2020
A4: ='210351'!A4:AG4 -> TABLERO DE CONTROL DE PROCESOS SUSTANTIVOS DEL SISTEMA DE GESTIÓN DE LA CALIDAD
A6: ='PANEL DE CONTROL DISTRITAL'!A6:A8 -> Número | B6: ='PANEL DE CONTROL DISTRITAL'!B6:H6 -> PROCESOS SUSTANTIVOS E INDICADORES | I6: ='210351'!I6:AF6 -> SEMANA OPERATIVA | AG6: ='210351'!AG6:AG9 -> % AVANCE REGISTRADO
B7: ='PANEL DE CONTROL DISTRITAL'!B7:D7 -> DESCRIPCIÓN | E7: ='PANEL DE CONTROL DISTRITAL'!E7:H7 -> MEDICIÓN | I7: ='PANEL DE CONTROL DISTRITAL'!I5 -> CAMPAÑA ANUAL INTENSA 2020-2021
B9: ='PANEL DE CONTROL DISTRITAL'!B8 -> Proceso | C9: ='PANEL DE CONTROL DISTRITAL'!C8 -> Dueño de Proceso | D9: ='PANEL DE CONTROL DISTRITAL'!D8 -> Indicador | E9: ='PANEL DE CONTROL DISTRITAL'!E8 -> Cálculo | F9: ='PANEL DE CONTROL DISTRITAL'!F8 -> Periodo | G9: ='PANEL DE CONTROL DISTRITAL'!G8 -> Estimado | H9: ='PANEL DE CONTROL DISTRITAL'!H8 -> Nominativo | I9: ='210351'!I9 -> 2020-36 | J9: ='210351'!J9 -> 2020-37 | K9: ='210351'!K9 -> 2020-38 | L9: ='210351'!L9 -> 2020-39 | M9: ='210351'!M9 -> 2020-40 | N9: ='210351'!N9 -> 2020-41 | O9: ='210351'!O9 -> 2020-42 | P9: ='210351'!P9 -> 2020-43 | ... AF9: ='210351'!AF9 -> 2021-06
A10: ='PANEL DE CONTROL DISTRITAL'!A9 -> 1 | B10: ='PANEL DE CONTROL DISTRITAL'!B9 -> ENTREVISTA | C10: ='PANEL DE CONTROL DISTRITAL'!C9 -> Auxiliar de Atención Ciudadana | D10: ='PANEL DE CONTROL DISTRITAL'!D9 -> Efectividad de la entrevista = | E10: ='PANEL DE CONTROL DISTRITAL'!E9 -> (Número de fichas requisitadas- tramites no identificados por huella / Número de trámites aplicados) x 100 | F10: ='PANEL DE CONTROL DISTRITAL'!F9 -> Semanal (remesa) | G10: ='PANEL DE CONTROL DISTRITAL'!G9 -> 0.9 | H10: ='PANEL DE CONTROL DISTRITAL'!H10 -> Número de fichas requisitadas- tramites no identificados por huella | I10: 0 | J10: 0 | K10: 0 | L10: 0 | M10: 0 | N10: 0 | O10: 0 | P10: 0 | Q10: 0 | R10: 0 | S10: 0 | T10: 0 | U10: 0 | V10: 0 | W10: 0 | X10: 0 | Y10: 0 | Z10: 0 | AA10: 0 | AB10: 0 | AC10: 0 | AD10: 0 | AE10: 0 | AF10: 0 | AG10: =IFERROR(SUM(I10:AF10)/SUM(I11:AF11),0) -> 0
H11: ='PANEL DE CONTROL DISTRITAL'!H9 -> Número de trámites aplicados | I11: 0 | J11: 0 | K11: 0 | L11: 0 | M11: 0 | N11: 0 | O11: 0 | P11: 0 | Q11: 0 | R11: 0 | S11: 0 | T11: 0 | U11: 0 | V11: 0 | W11: 0 | X11: 0 | Y11: 0 | Z11: 0 | AA11: 0 | AB11: 0 | AC11: 0 | AD11: 0 | AE11: 0 | AF11: 0
A13: ='PANEL DE CONTROL DISTRITAL'!A12 -> 2 | B13: ='PANEL DE CONTROL DISTRITAL'!B12 -> TRÁMITE | C13: ='PANEL DE CONTROL DISTRITAL'!C12 -> Operador de Equipo Tecnológico | D13: ='PANEL DE CONTROL DISTRITAL'!D12 -> Trámites exitosos efectivos= | E13: ='PANEL DE CONTROL DISTRITAL'!E12 -> (Número de trámites exitosos/ Número de trámites aplicados) x 100 | F13: ='PANEL DE CONTROL DISTRITAL'!F12 -> Semanal (remesa) | G13: ='PANEL DE CONTROL DISTRITAL'!G12 -> 0.9 | H13: ='PANEL DE CONTROL DISTRITAL'!H13 -> Número de trámites exitosos | I13: 0 | J13: 0 | K13: 0 | L13: 0 | M13: 0 | N13: 0 | O13: 99 | P13: 164 | Q13: 143 | R13: 143 | S13: 112 | T13: 144 | U13: 120 | V13: 152 | W13: 150 | X13: 0 | Y13: 0 | Z13: 0 | AA13: 0 | AB13: 0 | AC13: 0 | AD13: 0 | AE13: 0 | AF13: 0 | AG13: =IFERROR(SUM(I13:AF13)/SUM(I14:AF14),0) -> 0.99594156
H14: ='PANEL DE CONTROL DISTRITAL'!H12 -> Número de trámites aplicados | I14: 0 | J14: 0 | K14: 0 | L14: 0 | M14: 0 | N14: 0 | O14: 99 | P14: 165 | Q14: 144 | R14: 143 | S14: 112 | T14: 144 | U14: 121 | V14: 153 | W14: 151 | X14: 0 | Y14: 0 | Z14: 0 | AA14: 0 | AB14: 0 | AC14: 0 | AD14: 0 | AE14: 0 | AF14: 0
A15: 0
A16: ='PANEL DE CONTROL DISTRITAL'!A15 -> 3 | B16: ='PANEL DE CONTROL DISTRITAL'!B15 -> TRANSFERENCIA | C16: ='PANEL DE CONTROL DISTRITAL'!C15 -> Responsable de Módulo | D16: ='PANEL DE CONTROL DISTRITAL'!D15 -> Transacciones exitosas = | E16: ='PANEL DE CONTROL DISTRITAL'!E15 -> (Número de Archivos de Transacción aceptados /Total de Archivos de Transacción procesados) x100 | F16: ='PANEL DE CONTROL DISTRITAL'!F15 -> Semanal (remesa) | G16: ='PANEL DE CONTROL DISTRITAL'!G15 -> 0.9 | H16: ='PANEL DE CONTROL DISTRITAL'!H16 -> Número de Archivos de Transacción aceptados | I16: 0 | J16: 17 | K16: 44 | L16: 15 | M16: 12 | N16: 7 | O16: 112 | P16: 510 | Q16: 589 | R16: 607 | S16: 255 | T16: 268 | U16: 162 | V16: 285 | W16: 291 | X16: 0 | Y16: 0 | Z16: 0 | AA16: 0 | AB16: 0 | AC16: 0 | AD16: 0 | AE16: 0 | AF16: 0 | AG16: =IFERROR(SUM(I16:AF16)/SUM(I17:AF17),0) -> 0.96532847
H17: ='PANEL DE CONTROL DISTRITAL'!H15 -> Total de Archivos de Transacción procesados | I17: 0 | J17: 17 | K17: 44 | L17: 15 | M17: 12 | N17: 7 | O17: 112 | P17: 510 | Q17: 589 | R17: 607 | S17: 255 | T17: 273 | U17: 271 | V17: 285 | W17: 291 | X17: 0 | Y17: 0 | Z17: 0 | AA17: 0 | AB17: 0 | AC17: 0 | AD17: 0 | AE17: 0 | AF17: 0
A19: ='PANEL DE CONTROL DISTRITAL'!A18 -> 4 | B19: ='PANEL DE CONTROL DISTRITAL'!B18 -> CONCILIACIÓN | C19: ='PANEL DE CONTROL DISTRITAL'!C18 -> Responsable de Módulo | D19: ='PANEL DE CONTROL DISTRITAL'!D18 -> Credenciales disponibles para entrega = | E19: ='PANEL DE CONTROL DISTRITAL'!E18 -> ((Credenciales recibidas - credenciales inconsistentes )/ Credenciales Recibidas) x 100 | F19: ='PANEL DE CONTROL DISTRITAL'!F18 -> Semanal (remesa) | G19: ='PANEL DE CONTROL DISTRITAL'!G18 -> 0.9 | H19: ='PANEL DE CONTROL DISTRITAL'!H19 -> Credenciales recibidas - credenciales inconsistentes | I19: 0 | J19: 0 | K19: 14 | L19: 0 | M19: 0 | N19: 0 | O19: 0 | P19: 154 | Q19: 157 | R19: 148 | S19: 104 | T19: 146 | U19: 126 | V19: 165 | W19: 147 | X19: 0 | Y19: 0 | Z19: 0 | AA19: 0 | AB19: 0 | AC19: 0 | AD19: 0 | AE19: 0 | AF19: 0 | AG19: =IFERROR(SUM(I16:AF16)/SUM(I17:AF17),0) -> 0.96532847
H20: ='PANEL DE CONTROL DISTRITAL'!H18 -> Credenciales Recibidas | I20: 0 | J20: 0 | K20: 14 | L20: 0 | M20: 0 | N20: 0 | O20: 0 | P20: 154 | Q20: 157 | R20: 148 | S20: 104 | T20: 146 | U20: 126 | V20: 165 | W20: 147 | X20: 0 | Y20: 0 | Z20: 0 | AA20: 0 | AB20: 0 | AC20: 0 | AD20: 0 | AE20: 0 | AF20: 0
A22: ='PANEL DE CONTROL DISTRITAL'!A21 -> 5 | B22: ='PANEL DE CONTROL DISTRITAL'!B21 -> ENTREGA | C22: ='PANEL DE CONTROL DISTRITAL'!C21 -> Operador de Equipo Tecnológico | D22: ='PANEL DE CONTROL DISTRITAL'!D21 -> Efectividad de entrega de CPV en MAC = | E22: ='PANEL DE CONTROL DISTRITAL'!E21 -> Total de credenciales entregadas – reimpresiones por error de captura en MAC)/Total de credenciales entregadas ) x 100 | F22: ='PANEL DE CONTROL DISTRITAL'!F21 -> Semanal (remesa) | G22: ='PANEL DE CONTROL DISTRITAL'!G21 -> 0.9 | H22: ='PANEL DE CONTROL DISTRITAL'!H22 -> Total de credenciales entregadas – reimpresiones por error de captura en MAC | I22: 0 | J22: 17 | K22: 16 | L22: 15 | M22: 12 | N22: 7 | O22: 12 | P22: 37 | Q22: 131 | R22: 168 | S22: 143 | T22: 124 | U22: 141 | V22: 132 | W22: 140 | X22: 0 | Y22: 0 | Z22: 0 | AA22: 0 | AB22: 0 | AC22: 0 | AD22: 0 | AE22: 0 | AF22: 0 | AG22: =IFERROR(SUM(I22:AF22)/SUM(I23:AF23),0) -> 1
H23: ='PANEL DE CONTROL DISTRITAL'!H21 -> Total de credenciales entregadas | I23: 0 | J23: 17 | K23: 16 | L23: 15 | M23: 12 | N23: 7 | O23: 12 | P23: 37 | Q23: 131 | R23: 168 | S23: 143 | T23: 124 | U23: 141 | V23: 132 | W23: 140 | X23: 0 | Y23: 0 | Z23: 0 | AA23: 0 | AB23: 0 | AC23: 0 | AD23: 0 | AE23: 0 | AF23: 0
B24: *Registre el valor nominal solicitado en la celda, el resultado proporcional esta automatizado.
I26: Semaforización
J27: Valor que requiere atención y justificación en el apartado de observaciones
J28: Valor suficiente
J29: Valor esperado
A31: ='PANEL DE CONTROL DISTRITAL'!A6 -> Número | B31: ='PANEL DE CONTROL DISTRITAL'!B6:H6 -> PROCESOS SUSTANTIVOS E INDICADORES | I31: ='210351'!I31:T32 -> CUADRO DE OBSERVACIONES
B32: ='PANEL DE CONTROL DISTRITAL'!B7:D7 -> DESCRIPCIÓN | E32: ='PANEL DE CONTROL DISTRITAL'!E7:H7 -> MEDICIÓN
B33: ='PANEL DE CONTROL DISTRITAL'!B8 -> Proceso | C33: ='PANEL DE CONTROL DISTRITAL'!C8 -> Dueño de Proceso | D33: ='PANEL DE CONTROL DISTRITAL'!D8 -> Indicador | E33: ='PANEL DE CONTROL DISTRITAL'!E8 -> Cálculo | F33: ='PANEL DE CONTROL DISTRITAL'!F8 -> Periodo | G33: ='PANEL DE CONTROL DISTRITAL'!G8 -> Estimado | H33: =AG6 -> % AVANCE REGISTRADO | I33: ='210351'!I33:N33 -> Descripción | O33: ='210351'!O33:T33 -> No conformidad
A34: ='PANEL DE CONTROL DISTRITAL'!A9 -> 1 | B34: ='PANEL DE CONTROL DISTRITAL'!B9 -> ENTREVISTA | C34: ='PANEL DE CONTROL DISTRITAL'!C9 -> Auxiliar de Atención Ciudadana | D34: ='PANEL DE CONTROL DISTRITAL'!D9 -> Efectividad de la entrevista = | E34: ='PANEL DE CONTROL DISTRITAL'!E9 -> (Número de fichas requisitadas- tramites no identificados por huella / Número de trámites aplicados) x 100 | F34: ='PANEL DE CONTROL DISTRITAL'!F9 -> Semanal (remesa) | G34: ='PANEL DE CONTROL DISTRITAL'!G9 -> 0.9 | H34: =AG10 -> 0
A37: ='PANEL DE CONTROL DISTRITAL'!A12 -> 2 | B37: ='PANEL DE CONTROL DISTRITAL'!B12 -> TRÁMITE | C37: ='PANEL DE CONTROL DISTRITAL'!C12 -> Operador de Equipo Tecnológico | D37: ='PANEL DE CONTROL DISTRITAL'!D12 -> Trámites exitosos efectivos= | E37: ='PANEL DE CONTROL DISTRITAL'!E12 -> (Número de trámites exitosos/ Número de trámites aplicados) x 100 | F37: ='PANEL DE CONTROL DISTRITAL'!F12 -> Semanal (remesa) | G37: ='PANEL DE CONTROL DISTRITAL'!G12 -> 0.9 | H37: =AG13 -> 0.99594156
A40: ='PANEL DE CONTROL DISTRITAL'!A15 -> 3 | B40: ='PANEL DE CONTROL DISTRITAL'!B15 -> TRANSFERENCIA | C40: ='PANEL DE CONTROL DISTRITAL'!C15 -> Responsable de Módulo | D40: ='PANEL DE CONTROL DISTRITAL'!D15 -> Transacciones exitosas = | E40: ='PANEL DE CONTROL DISTRITAL'!E15 -> (Número de Archivos de Transacción aceptados /Total de Archivos de Transacción procesados) x100 | F40: ='PANEL DE CONTROL DISTRITAL'!F15 -> Semanal (remesa) | G40: ='PANEL DE CONTROL DISTRITAL'!G15 -> 0.9 | H40: =AG16 -> 0.96532847
A43: ='PANEL DE CONTROL DISTRITAL'!A18 -> 4 | B43: ='PANEL DE CONTROL DISTRITAL'!B18 -> CONCILIACIÓN | C43: ='PANEL DE CONTROL DISTRITAL'!C18 -> Responsable de Módulo | D43: ='PANEL DE CONTROL DISTRITAL'!D18 -> Credenciales disponibles para entrega = | E43: ='PANEL DE CONTROL DISTRITAL'!E18 -> ((Credenciales recibidas - credenciales inconsistentes )/ Credenciales Recibidas) x 100 | F43: ='PANEL DE CONTROL DISTRITAL'!F18 -> Semanal (remesa) | G43: ='PANEL DE CONTROL DISTRITAL'!G18 -> 0.9 | H43: =AG19 -> 0.96532847
A46: ='PANEL DE CONTROL DISTRITAL'!A21 -> 5 | B46: ='PANEL DE CONTROL DISTRITAL'!B21 -> ENTREGA | C46: ='PANEL DE CONTROL DISTRITAL'!C21 -> Operador de Equipo Tecnológico | D46: ='PANEL DE CONTROL DISTRITAL'!D21 -> Efectividad de entrega de CPV en MAC = | E46: ='PANEL DE CONTROL DISTRITAL'!E21 -> Total de credenciales entregadas – reimpresiones por error de captura en MAC)/Total de credenciales entregadas ) x 100 | F46: ='PANEL DE CONTROL DISTRITAL'!F21 -> Semanal (remesa) | G46: ='PANEL DE CONTROL DISTRITAL'!G21 -> 0.9 | H46: =AG22 -> 1

Sheet 210451
A1: ='PANEL DE CONTROL DISTRITAL'!A1:Q1 -> INSTITUTO NACIONAL ELECTORAL SISTEMA DE GESTIÓN DE LA CALIDAD PUEBLA
D2: Distrito | E2: 1 | F2: Módulo | H2: 210451 | W2: ='PANEL DE CONTROL DISTRITAL'!M2 -> Fecha de corte 07 / 12 / 2020
A4: TABLERO DE CONTROL DE PROCESOS SUSTANTIVOS DEL SISTEMA DE GESTIÓN DE LA CALIDAD
A6: ='PANEL DE CONTROL DISTRITAL'!A6:A8 -> Número | B6: ='PANEL DE CONTROL DISTRITAL'!B6:H6 -> PROCESOS SUSTANTIVOS E INDICADORES | I6: SEMANA OPERATIVA | AG6: % AVANCE REGISTRADO
B7: ='PANEL DE CONTROL DISTRITAL'!B7:D7 -> DESCRIPCIÓN | E7: ='PANEL DE CONTROL DISTRITAL'!E7:H7 -> MEDICIÓN | I7: ='PANEL DE CONTROL DISTRITAL'!I5 -> CAMPAÑA ANUAL INTENSA 2020-2021
B9: ='PANEL DE CONTROL DISTRITAL'!B8 -> Proceso | C9: ='PANEL DE CONTROL DISTRITAL'!C8 -> Dueño de Proceso | D9: ='PANEL DE CONTROL DISTRITAL'!D8 -> Indicador | E9: ='PANEL DE CONTROL DISTRITAL'!E8 -> Cálculo | F9: ='PANEL DE CONTROL DISTRITAL'!F8 -> Periodo | G9: ='PANEL DE CONTROL DISTRITAL'!G8 -> Estimado | H9: ='PANEL DE CONTROL DISTRITAL'!H8 -> Nominativo | I9: ='210351'!I9 -> 2020-36 | J9: ='210351'!J9 -> 2020-37 | K9: ='210351'!K9 -> 2020-38 | L9: ='210351'!L9 -> 2020-39 | M9: ='210351'!M9 -> 2020-40 | N9: ='210351'!N9 -> 2020-41 | O9: ='210351'!O9 -> 2020-42 | P9: ='210351'!P9 -> 2020-43 | ... AF9: ='210351'!AF9 -> 2021-06
A10: ='PANEL DE CONTROL DISTRITAL'!A9 -> 1 | B10: ='PANEL DE CONTROL DISTRITAL'!B9 -> ENTREVISTA | C10: ='PANEL DE CONTROL DISTRITAL'!C9 -> Auxiliar de Atención Ciudadana | D10: ='PANEL DE CONTROL DISTRITAL'!D9 -> Efectividad de la entrevista = | E10: ='PANEL DE CONTROL DISTRITAL'!E9 -> (Número de fichas requisitadas- tramites no identificados por huella / Número de trámites aplicados) x 100 | F10: ='PANEL DE CONTROL DISTRITAL'!F9 -> Semanal (remesa) | G10: ='PANEL DE CONTROL DISTRITAL'!G9 -> 0.9 | H10: ='PANEL DE CONTROL DISTRITAL'!H10 -> Número de fichas requisitadas- tramites no identificados por huella | I10: 0 | J10: 124 | K10: 144 | L10: 119 | M10: 123 | N10: 163 | O10: 163 | P10: 150 | Q10: 405 | R10: 441 | S10: 323 | T10: 437 | U10: 370 | V10: 494 | W10: 454 | X10: 0 | Y10: 0 | Z10: 0 | AA10: 0 | AB10: 0 | AC10: 0 | AD10: 0 | AE10: 0 | AF10: 0 | AG10: =IFERROR(SUM(I10:AF10)/SUM(I11:AF11),0) -> 1
H11: ='PANEL DE CONTROL DISTRITAL'!H9 -> Número de trámites aplicados | I11: 0 | J11: 124 | K11: 144 | L11: 119 | M11: 123 | N11: 163 | O11: 163 | P11: 150 | Q11: 405 | R11: 441 | S11: 323 | T11: 437 | U11: 370 | V11: 494 | W11: 454 | X11: 0 | Y11: 0 | Z11: 0 | AA11: 0 | AB11: 0 | AC11: 0 | AD11: 0 | AE11: 0 | AF11: 0
A13: ='PANEL DE CONTROL DISTRITAL'!A12 -> 2 | B13: ='PANEL DE CONTROL DISTRITAL'!B12 -> TRÁMITE | C13: ='PANEL DE CONTROL DISTRITAL'!C12 -> Operador de Equipo Tecnológico | D13: ='PANEL DE CONTROL DISTRITAL'!D12 -> Trámites exitosos efectivos= | E13: ='PANEL DE CONTROL DISTRITAL'!E12 -> (Número de trámites exitosos/ Número de trámites aplicados) x 100 | F13: ='PANEL DE CONTROL DISTRITAL'!F12 -> Semanal (remesa) | G13: ='PANEL DE CONTROL DISTRITAL'!G12 -> 0.9 | H13: ='PANEL DE CONTROL DISTRITAL'!H13 -> Número de trámites exitosos | I13: 0 | J13: 122 | K13: 144 | L13: 119 | M13: 122 | N13: 161 | O13: 163 | P13: 149 | Q13: 404 | R13: 439 | S13: 321 | T13: 436 | U13: 364 | V13: 494 | W13: 453 | X13: 0 | Y13: 0 | Z13: 0 | AA13: 0 | AB13: 0 | AC13: 0 | AD13: 0 | AE13: 0 | AF13: 0 | AG13: =IFERROR(SUM(I13:AF13)/SUM(I14:AF14),0) -> 0.99514066
H14: ='PANEL DE CONTROL DISTRITAL'!H12 -> Número de trámites aplicados | I14: 0 | J14: 124 | K14: 144 | L14: 119 | M14: 123 | N14: 163 | O14: 163 | P14: 150 | Q14: 405 | R14: 441 | S14: 323 | T14: 437 | U14: 370 | V14: 494 | W14: 454 | X14: 0 | Y14: 0 | Z14: 0 | AA14: 0 | AB14: 0 | AC14: 0 | AD14: 0 | AE14: 0 | AF14: 0
A16: ='PANEL DE CONTROL DISTRITAL'!A15 -> 3 | B16: ='PANEL DE CONTROL DISTRITAL'!B15 -> TRANSFERENCIA | C16: ='PANEL DE CONTROL DISTRITAL'!C15 -> Responsable de Módulo | D16: ='PANEL DE CONTROL DISTRITAL'!D15 -> Transacciones exitosas = | E16: ='PANEL DE CONTROL DISTRITAL'!E15 -> (Número de Archivos de Transacción aceptados /Total de Archivos de Transacción procesados) x100 | F16: ='PANEL DE CONTROL DISTRITAL'!F15 -> Semanal (remesa) | G16: ='PANEL DE CONTROL DISTRITAL'!G15 -> 0.9 | H16: ='PANEL DE CONTROL DISTRITAL'!H16 -> Número de Archivos de Transacción aceptados | I16: 0 | J16: 168 | K16: 269 | L16: 207 | M16: 357 | N16: 366 | O16: 425 | P16: 392 | Q16: 591 | R16: 742 | S16: 754 | T16: 871 | U16: 707 | V16: 962 | W16: 939 | X16: 0 | Y16: 0 | Z16: 0 | AA16: 0 | AB16: 0 | AC16: 0 | AD16: 0 | AE16: 0 | AF16: 0 | AG16: =IFERROR(SUM(I16:AF16)/SUM(I17:AF17),0) -> 1
H17: ='PANEL DE CONTROL DISTRITAL'!H15 -> Total de Archivos de Transacción procesados | I17: 0 | J17: 168 | K17: 269 | L17: 207 | M17: 357 | N17: 366 | O17: 425 | P17: 392 | Q17: 591 | R17: 742 | S17: 754 | T17: 871 | U17: 707 | V17: 962 | W17: 939 | X17: 0 | Y17: 0 | Z17: 0 | AA17: 0 | AB17: 0 | AC17: 0 | AD17: 0 | AE17: 0 | AF17: 0
A19: ='PANEL DE CONTROL DISTRITAL'!A18 -> 4 | B19: ='PANEL DE CONTROL DISTRITAL'!B18 -> CONCILIACIÓN | C19: ='PANEL DE CONTROL DISTRITAL'!C18 -> Responsable de Módulo | D19: ='PANEL DE CONTROL DISTRITAL'!D18 -> Credenciales disponibles para entrega = | E19: ='PANEL DE CONTROL DISTRITAL'!E18 -> ((Credenciales recibidas - credenciales inconsistentes )/ Credenciales Recibidas) x 100 | F19: ='PANEL DE CONTROL DISTRITAL'!F18 -> Semanal (remesa) | G19: ='PANEL DE CONTROL DISTRITAL'!G18 -> 0.9 | H19: ='PANEL DE CONTROL DISTRITAL'!H19 -> Credenciales recibidas - credenciales inconsistentes | I19: 0 | J19: 178 | K19: 185 | L19: 132 | M19: 141 | N19: 122 | O19: 154 | P19: 170 | Q19: 177 | R19: 412 | S19: 275 | T19: 569 | U19: 272 | V19: 377 | W19: 676 | X19: 0 | Y19: 0 | Z19: 0 | AA19: 0 | AB19: 0 | AC19: 0 | AD19: 0 | AE19: 0 | AF19: 0 | AG19: =IFERROR(SUM(I16:AF16)/SUM(I17:AF17),0) -> 1
H20: ='PANEL DE CONTROL DISTRITAL'!H18 -> Credenciales Recibidas | I20: 0 | J20: 178 | K20: 185 | L20: 132 | M20: 141 | N20: 122 | O20: 154 | P20: 170 | Q20: 177 | R20: 413 | S20: 275 | T20: 569 | U20: 272 | V20: 377 | W20: 676 | X20: 0 | Y20: 0 | Z20: 0 | AA20: 0 | AB20: 0 | AC20: 0 | AD20: 0 | AE20: 0 | AF20: 0
A22: ='PANEL DE CONTROL DISTRITAL'!A21 -> 5 | B22: ='PANEL DE CONTROL DISTRITAL'!B21 -> ENTREGA | C22: ='PANEL DE CONTROL DISTRITAL'!C21 -> Operador de Equipo Tecnológico | D22: ='PANEL DE CONTROL DISTRITAL'!D21 -> Efectividad de entrega de CPV en MAC = | E22: ='PANEL DE CONTROL DISTRITAL'!E21 -> Total de credenciales entregadas – reimpresiones por error de captura en MAC)/Total de credenciales entregadas ) x 100 | F22: ='PANEL DE CONTROL DISTRITAL'!F21 -> Semanal (remesa) | G22: ='PANEL DE CONTROL DISTRITAL'!G21 -> 0.9 | H22: ='PANEL DE CONTROL DISTRITAL'!H22 -> Total de credenciales entregadas – reimpresiones por error de captura en MAC | I22: 0 | J22: 44 | K22: 125 | L22: 88 | M22: 234 | N22: 203 | O22: 262 | P22: 242 | Q22: 186 | R22: 301 | S22: 431 | T22: 434 | U22: 337 | V22: 468 | W22: 485 | X22: 0 | Y22: 0 | Z22: 0 | AA22: 0 | AB22: 0 | AC22: 0 | AD22: 0 | AE22: 0 | AF22: 0 | AG22: =IFERROR(SUM(I22:AF22)/SUM(I23:AF23),0) -> 1
H23: ='PANEL DE CONTROL DISTRITAL'!H21 -> Total de credenciales entregadas | I23: 0 | J23: 44 | K23: 125 | L23: 88 | M23: 234 | N23: 203 | O23: 262 | P23: 242 | Q23: 186 | R23: 301 | S23: 431 | T23: 434 | U23: 337 | V23: 468 | W23: 485 | X23: 0 | Y23: 0 | Z23: 0 | AA23: 0 | AB23: 0 | AC23: 0 | AD23: 0 | AE23: 0 | AF23: 0
B24: *Registre el valor nominal solicitado en la celda, el resultado proporcional esta automatizado.
I26: Semaforización
J27: Valor que requiere atención y justificación en el apartado de observaciones
J28: Valor suficiente
J29: Valor esperado
A31: ='PANEL DE CONTROL DISTRITAL'!A6 -> Número | B31: ='PANEL DE CONTROL DISTRITAL'!B6:H6 -> PROCESOS SUSTANTIVOS E INDICADORES | I31: CUADRO DE OBSERVACIONES
B32: ='PANEL DE CONTROL DISTRITAL'!B7:D7 -> DESCRIPCIÓN | E32: ='PANEL DE CONTROL DISTRITAL'!E7:H7 -> MEDICIÓN
B33: ='PANEL DE CONTROL DISTRITAL'!B8 -> Proceso | C33: ='PANEL DE CONTROL DISTRITAL'!C8 -> Dueño de Proceso | D33: ='PANEL DE CONTROL DISTRITAL'!D8 -> Indicador | E33: ='PANEL DE CONTROL DISTRITAL'!E8 -> Cálculo | F33: ='PANEL DE CONTROL DISTRITAL'!F8 -> Periodo | G33: ='PANEL DE CONTROL DISTRITAL'!G8 -> Estimado | H33: =AG6 -> % AVANCE REGISTRADO | I33: Descripción | O33: No conformidad
A34: ='PANEL DE CONTROL DISTRITAL'!A9 -> 1 | B34: ='PANEL DE CONTROL DISTRITAL'!B9 -> ENTREVISTA | C34: ='PANEL DE CONTROL DISTRITAL'!C9 -> Auxiliar de Atención Ciudadana | D34: ='PANEL DE CONTROL DISTRITAL'!D9 -> Efectividad de la entrevista = | E34: ='PANEL DE CONTROL DISTRITAL'!E9 -> (Número de fichas requisitadas- tramites no identificados por huella / Número de trámites aplicados) x 100 | F34: ='PANEL DE CONTROL DISTRITAL'!F9 -> Semanal (remesa) | G34: ='PANEL DE CONTROL DISTRITAL'!G9 -> 0.9 | H34: =AG10 -> 1
A37: ='PANEL DE CONTROL DISTRITAL'!A12 -> 2 | B37: ='PANEL DE CONTROL DISTRITAL'!B12 -> TRÁMITE | C37: ='PANEL DE CONTROL DISTRITAL'!C12 -> Operador de Equipo Tecnológico | D37: ='PANEL DE CONTROL DISTRITAL'!D12 -> Trámites exitosos efectivos= | E37: ='PANEL DE CONTROL DISTRITAL'!E12 -> (Número de trámites exitosos/ Número de trámites aplicados) x 100 | F37: ='PANEL DE CONTROL DISTRITAL'!F12 -> Semanal (remesa) | G37: ='PANEL DE CONTROL DISTRITAL'!G12 -> 0.9 | H37: =AG13 -> 0.99514066
A40: ='PANEL DE CONTROL DISTRITAL'!A15 -> 3 | B40: ='PANEL DE CONTROL DISTRITAL'!B15 -> TRANSFERENCIA | C40: ='PANEL DE CONTROL DISTRITAL'!C15 -> Responsable de Módulo | D40: ='PANEL DE CONTROL DISTRITAL'!D15 -> Transacciones exitosas = | E40: ='PANEL DE CONTROL DISTRITAL'!E15 -> (Número de Archivos de Transacción aceptados /Total de Archivos de Transacción procesados) x100 | F40: ='PANEL DE CONTROL DISTRITAL'!F15 -> Semanal (remesa) | G40: ='PANEL DE CONTROL DISTRITAL'!G15 -> 0.9 | H40: =AG16 -> 1
A43: ='PANEL DE CONTROL DISTRITAL'!A18 -> 4 | B43: ='PANEL DE CONTROL DISTRITAL'!B18 -> CONCILIACIÓN | C43: ='PANEL DE CONTROL DISTRITAL'!C18 -> Responsable de Módulo | D43: ='PANEL DE CONTROL DISTRITAL'!D18 -> Credenciales disponibles para entrega = | E43: ='PANEL DE CONTROL DISTRITAL'!E18 -> ((Credenciales recibidas - credenciales inconsistentes )/ Credenciales Recibidas) x 100 | F43: ='PANEL DE CONTROL DISTRITAL'!F18 -> Semanal (remesa) | G43: ='PANEL DE CONTROL DISTRITAL'!G18 -> 0.9 | H43: =AG19 -> 1
A46: ='PANEL DE CONTROL DISTRITAL'!A21 -> 5 | B46: ='PANEL DE CONTROL DISTRITAL'!B21 -> ENTREGA | C46: ='PANEL DE CONTROL DISTRITAL'!C21 -> Operador de Equipo Tecnológico | D46: ='PANEL DE CONTROL DISTRITAL'!D21 -> Efectividad de entrega de CPV en MAC = | E46: ='PANEL DE CONTROL DISTRITAL'!E21 -> Total de credenciales entregadas – reimpresiones por error de captura en MAC)/Total de credenciales entregadas ) x 100 | F46: ='PANEL DE CONTROL DISTRITAL'!F21 -> Semanal (remesa) | G46: ='PANEL DE CONTROL DISTRITAL'!G21 -> 0.9 | H46: =AG22 -> 1

Sheet 210452
A1: ='PANEL DE CONTROL DISTRITAL'!A1:Q1 -> INSTITUTO NACIONAL ELECTORAL SISTEMA DE GESTIÓN DE LA CALIDAD PUEBLA
D2: Distrito | E2: 1 | F2: Módulo | H2: 210452 | W2: ='PANEL DE CONTROL DISTRITAL'!M2 -> Fecha de corte 07 / 12 / 2020
A4: ='210451'!A4:AG4 -> TABLERO DE CONTROL DE PROCESOS SUSTANTIVOS DEL SISTEMA DE GESTIÓN DE LA CALIDAD
A6: ='PANEL DE CONTROL DISTRITAL'!A6:A8 -> Número | B6: ='PANEL DE CONTROL DISTRITAL'!B6:H6 -> PROCESOS SUSTANTIVOS E INDICADORES | I6: ='210451'!I6:AF6 -> SEMANA OPERATIVA | AG6: ='210451'!AG6:AG9 -> % AVANCE REGISTRADO
B7: ='PANEL DE CONTROL DISTRITAL'!B7:D7 -> DESCRIPCIÓN | E7: ='PANEL DE CONTROL DISTRITAL'!E7:H7 -> MEDICIÓN | I7: ='PANEL DE CONTROL DISTRITAL'!I5 -> CAMPAÑA ANUAL INTENSA 2020-2021
B9: ='PANEL DE CONTROL DISTRITAL'!B8 -> Proceso | C9: ='PANEL DE CONTROL DISTRITAL'!C8 -> Dueño de Proceso | D9: ='PANEL DE CONTROL DISTRITAL'!D8 -> Indicador | E9: ='PANEL DE CONTROL DISTRITAL'!E8 -> Cálculo | F9: ='PANEL DE CONTROL DISTRITAL'!F8 -> Periodo | G9: ='PANEL DE CONTROL DISTRITAL'!G8 -> Estimado | H9: ='PANEL DE CONTROL DISTRITAL'!H8 -> Nominativo | I9: ='210451'!I9 -> 2020-36 | J9: ='210451'!J9 -> 2020-37 | K9: ='210451'!K9 -> 2020-38 | L9: ='210451'!L9 -> 2020-39 | M9: ='210451'!M9 -> 2020-40 | N9: ='210451'!N9 -> 2020-41 | O9: ='210451'!O9 -> 2020-42 | P9: ='210451'!P9 -> 2020-43 | ... AF9: ='210451'!AF9 -> 2021-06
A10: ='PANEL DE CONTROL DISTRITAL'!A9 -> 1 | B10: ='PANEL DE CONTROL DISTRITAL'!B9 -> ENTREVISTA | C10: ='PANEL DE CONTROL DISTRITAL'!C9 -> Auxiliar de Atención Ciudadana | D10: ='PANEL DE CONTROL DISTRITAL'!D9 -> Efectividad de la entrevista = | E10: ='PANEL DE CONTROL DISTRITAL'!E9 -> (Número de fichas requisitadas- tramites no identificados por huella / Número de trámites aplicados) x 100 | F10: ='PANEL DE CONTROL DISTRITAL'!F9 -> Semanal (remesa) | G10: ='PANEL DE CONTROL DISTRITAL'!G9 -> 0.9 | H10: ='PANEL DE CONTROL DISTRITAL'!H10 -> Número de fichas requisitadas- tramites no identificados por huella | I10: 0 | J10: 0 | K10: 0 | L10: 0 | M10: 0 | N10: 0 | O10: 99 | P10: 148 | Q10: 167 | R10: 160 | S10: 130 | T10: 176 | U10: 121 | V10: 160 | W10: 140 | X10: 0 | Y10: 0 | Z10: 0 | AA10: 0 | AB10: 0 | AC10: 0 | AD10: 0 | AE10: 0 | AF10: 0 | AG10: =IFERROR(SUM(I10:AF10)/SUM(I11:AF11),0) -> 1
H11: ='PANEL DE CONTROL DISTRITAL'!H9 -> Número de trámites aplicados | I11: 0 | J11: 0 | K11: 0 | L11: 0 | M11: 0 | N11: 0 | O11: 99 | P11: 148 | Q11: 167 | R11: 160 | S11: 130 | T11: 176 | U11: 121 | V11: 160 | W11: 140 | X11: 0 | Y11: 0 | Z11: 0 | AA11: 0 | AB11: 0 | AC11: 0 | AD11: 0 | AE11: 0 | AF11: 0
A13: ='PANEL DE CONTROL DISTRITAL'!A12 -> 2 | B13: ='PANEL DE CONTROL DISTRITAL'!B12 -> TRÁMITE | C13: ='PANEL DE CONTROL DISTRITAL'!C12 -> Operador de Equipo Tecnológico | D13: ='PANEL DE CONTROL DISTRITAL'!D12 -> Trámites exitosos efectivos= | E13: ='PANEL DE CONTROL DISTRITAL'!E12 -> (Número de trámites exitosos/ Número de trámites aplicados) x 100 | F13: ='PANEL DE CONTROL DISTRITAL'!F12 -> Semanal (remesa) | G13: ='PANEL DE CONTROL DISTRITAL'!G12 -> 0.9 | H13: ='PANEL DE CONTROL DISTRITAL'!H13 -> Número de trámites exitosos | I13: 0 | J13: 0 | K13: 0 | L13: 0 | M13: 0 | N13: 0 | O13: 99 | P13: 148 | Q13: 165 | R13: 159 | S13: 129 | T13: 174 | U13: 120 | V13: 160 | W13: 140 | X13: 0 | Y13: 0 | Z13: 0 | AA13: 0 | AB13: 0 | AC13: 0 | AD13: 0 | AE13: 0 | AF13: 0 | AG13: =IFERROR(SUM(I13:AF13)/SUM(I14:AF14),0) -> 0.99461952
H14: ='PANEL DE CONTROL DISTRITAL'!H12 -> Número de trámites aplicados | I14: 0 | J14: 0 | K14: 0 | L14: 0 | M14: 0 | N14: 0 | O14: 99 | P14: 148 | Q14: 167 | R14: 160 | S14: 130 | T14: 176 | U14: 121 | V14: 160 | W14: 140 | X14: 0 | Y14: 0 | Z14: 0 | AA14: 0 | AB14: 0 | AC14: 0 | AD14: 0 | AE14: 0 | AF14: 0
A16: ='PANEL DE CONTROL DISTRITAL'!A15 -> 3 | B16: ='PANEL DE CONTROL DISTRITAL'!B15 -> TRANSFERENCIA | C16: ='PANEL DE CONTROL DISTRITAL'!C15 -> Responsable de Módulo | D16: ='PANEL DE CONTROL DISTRITAL'!D15 -> Transacciones exitosas = | E16: ='PANEL DE CONTROL DISTRITAL'!E15 -> (Número de Archivos de Transacción aceptados /Total de Archivos de Transacción procesados) x100 | F16: ='PANEL DE CONTROL DISTRITAL'!F15 -> Semanal (remesa) | G16: ='PANEL DE CONTROL DISTRITAL'!G15 -> 0.9 | H16: ='PANEL DE CONTROL DISTRITAL'!H16 -> Número de Archivos de Transacción aceptados | I16: 0 | J16: 4 | K16: 2 | L16: 3 | M16: 5 | N16: 1 | O16: 155 | P16: 188 | Q16: 305 | R16: 329 | S16: 279 | T16: 334 | U16: 270 | V16: 358 | W16: 301 | X16: 0 | Y16: 0 | Z16: 0 | AA16: 0 | AB16: 0 | AC16: 0 | AD16: 0 | AE16: 0 | AF16: 0 | AG16: =IFERROR(SUM(I16:AF16)/SUM(I17:AF17),0) -> 1
H17: ='PANEL DE CONTROL DISTRITAL'!H15 -> Total de Archivos de Transacción procesados | I17: 0 | J17: 4 | K17: 2 | L17: 3 | M17: 5 | N17: 1 | O17: 155 | P17: 188 | Q17: 305 | R17: 329 | S17: 279 | T17: 334 | U17: 270 | V17: 358 | W17: 301 | X17: 0 | Y17: 0 | Z17: 0 | AA17: 0 | AB17: 0 | AC17: 0 | AD17: 0 | AE17: 0 | AF17: 0
A19: ='PANEL DE CONTROL DISTRITAL'!A18 -> 4 | B19: ='PANEL DE CONTROL DISTRITAL'!B18 -> CONCILIACIÓN | C19: ='PANEL DE CONTROL DISTRITAL'!C18 -> Responsable de Módulo | D19: ='PANEL DE CONTROL DISTRITAL'!D18 -> Credenciales disponibles para entrega = | E19: ='PANEL DE CONTROL DISTRITAL'!E18 -> ((Credenciales recibidas - credenciales inconsistentes )/ Credenciales Recibidas) x 100 | F19: ='PANEL DE CONTROL DISTRITAL'!F18 -> Semanal (remesa) | G19: ='PANEL DE CONTROL DISTRITAL'!G18 -> 0.9 | H19: ='PANEL DE CONTROL DISTRITAL'!H19 -> Credenciales recibidas - credenciales inconsistentes | I19: 0 | J19: 0 | K19: 0 | L19: 0 | M19: 0 | N19: 0 | O19: 0 | P19: 115 | Q19: 163 | R19: 152 | S19: 103 | T19: 223 | U19: 108 | V19: 127 | W19: 213 | X19: 0 | Y19: 0 | Z19: 0 | AA19: 0 | AB19: 0 | AC19: 0 | AD19: 0 | AE19: 0 | AF19: 0 | AG19: =IFERROR(SUM(I16:AF16)/SUM(I17:AF17),0) -> 1
H20: ='PANEL DE CONTROL DISTRITAL'!H18 -> Credenciales Recibidas | I20: 0 | J20: 0 | K20: 0 | L20: 0 | M20: 0 | N20: 0 | O20: 0 | P20: 115 | Q20: 163 | R20: 152 | S20: 103 | T20: 223 | U20: 108 | V20: 127 | W20: 213 | X20: 0 | Y20: 0 | Z20: 0 | AA20: 0 | AB20: 0 | AC20: 0 | AD20: 0 | AE20: 0 | AF20: 0
A22: ='PANEL DE CONTROL DISTRITAL'!A21 -> 5 | B22: ='PANEL DE CONTROL DISTRITAL'!B21 -> ENTREGA | C22: ='PANEL DE CONTROL DISTRITAL'!C21 -> Operador de Equipo Tecnológico | D22: ='PANEL DE CONTROL DISTRITAL'!D21 -> Efectividad de entrega de CPV en MAC = | E22: ='PANEL DE CONTROL DISTRITAL'!E21 -> Total de credenciales entregadas – reimpresiones por error de captura en MAC)/Total de credenciales entregadas ) x 100 | F22: ='PANEL DE CONTROL DISTRITAL'!F21 -> Semanal (remesa) | G22: ='PANEL DE CONTROL DISTRITAL'!G21 -> 0.9 | H22: ='PANEL DE CONTROL DISTRITAL'!H22 -> Total de credenciales entregadas – reimpresiones por error de captura en MAC | I22: 0 | J22: 4 | K22: 2 | L22: 3 | M22: 5 | N22: 1 | O22: 56 | P22: 40 | Q22: 138 | R22: 169 | S22: 149 | T22: 158 | U22: 149 | V22: 198 | W22: 161 | X22: 0 | Y22: 0 | Z22: 0 | AA22: 0 | AB22: 0 | AC22: 0 | AD22: 0 | AE22: 0 | AF22: 0 | AG22: =IFERROR(SUM(I22:AF22)/SUM(I23:AF23),0) -> 1
H23: ='PANEL DE CONTROL DISTRITAL'!H21 -> Total de credenciales entregadas | I23: 0 | J23: 4 | K23: 2 | L23: 3 | M23: 5 | N23: 1 | O23: 56 | P23: 40 | Q23: 138 | R23: 169 | S23: 149 | T23: 158 | U23: 149 | V23: 198 | W23: 161 | X23: 0 | Y23: 0 | Z23: 0 | AA23: 0 | AB23: 0 | AC23: 0 | AD23: 0 | AE23: 0 | AF23: 0
B24: *Registre el valor nominal solicitado en la celda, el resultado proporcional esta automatizado.
I26: Semaforización
J27: Valor que requiere atención y justificación en el apartado de observaciones
J28: Valor suficiente
J29: Valor esperado
A31: ='PANEL DE CONTROL DISTRITAL'!A6 -> Número | B31: ='PANEL DE CONTROL DISTRITAL'!B6:H6 -> PROCESOS SUSTANTIVOS E INDICADORES | I31: ='210451'!I31:T32 -> CUADRO DE OBSERVACIONES
B32: ='PANEL DE CONTROL DISTRITAL'!B7:D7 -> DESCRIPCIÓN | E32: ='PANEL DE CONTROL DISTRITAL'!E7:H7 -> MEDICIÓN
B33: ='PANEL DE CONTROL DISTRITAL'!B8 -> Proceso | C33: ='PANEL DE CONTROL DISTRITAL'!C8 -> Dueño de Proceso | D33: ='PANEL DE CONTROL DISTRITAL'!D8 -> Indicador | E33: ='PANEL DE CONTROL DISTRITAL'!E8 -> Cálculo | F33: ='PANEL DE CONTROL DISTRITAL'!F8 -> Periodo | G33: ='PANEL DE CONTROL DISTRITAL'!G8 -> Estimado | H33: =AG6 -> % AVANCE REGISTRADO | I33: ='210451'!I33:N33 -> Descripción | O33: ='210451'!O33:T33 -> No conformidad
A34: ='PANEL DE CONTROL DISTRITAL'!A9 -> 1 | B34: ='PANEL DE CONTROL DISTRITAL'!B9 -> ENTREVISTA | C34: ='PANEL DE CONTROL DISTRITAL'!C9 -> Auxiliar de Atención Ciudadana | D34: ='PANEL DE CONTROL DISTRITAL'!D9 -> Efectividad de la entrevista = | E34: ='PANEL DE CONTROL DISTRITAL'!E9 -> (Número de fichas requisitadas- tramites no identificados por huella / Número de trámites aplicados) x 100 | F34: ='PANEL DE CONTROL DISTRITAL'!F9 -> Semanal (remesa) | G34: ='PANEL DE CONTROL DISTRITAL'!G9 -> 0.9 | H34: =AG10 -> 1
A37: ='PANEL DE CONTROL DISTRITAL'!A12 -> 2 | B37: ='PANEL DE CONTROL DISTRITAL'!B12 -> TRÁMITE | C37: ='PANEL DE CONTROL DISTRITAL'!C12 -> Operador de Equipo Tecnológico | D37: ='PANEL DE CONTROL DISTRITAL'!D12 -> Trámites exitosos efectivos= | E37: ='PANEL DE CONTROL DISTRITAL'!E12 -> (Número de trámites exitosos/ Número de trámites aplicados) x 100 | F37: ='PANEL DE CONTROL DISTRITAL'!F12 -> Semanal (remesa) | G37: ='PANEL DE CONTROL DISTRITAL'!G12 -> 0.9 | H37: =AG13 -> 0.99461952
A40: ='PANEL DE CONTROL DISTRITAL'!A15 -> 3 | B40: ='PANEL DE CONTROL DISTRITAL'!B15 -> TRANSFERENCIA | C40: ='PANEL DE CONTROL DISTRITAL'!C15 -> Responsable de Módulo | D40: ='PANEL DE CONTROL DISTRITAL'!D15 -> Transacciones exitosas = | E40: ='PANEL DE CONTROL DISTRITAL'!E15 -> (Número de Archivos de Transacción aceptados /Total de Archivos de Transacción procesados) x100 | F40: ='PANEL DE CONTROL DISTRITAL'!F15 -> Semanal (remesa) | G40: ='PANEL DE CONTROL DISTRITAL'!G15 -> 0.9 | H40: =AG16 -> 1
A43: ='PANEL DE CONTROL DISTRITAL'!A18 -> 4 | B43: ='PANEL DE CONTROL DISTRITAL'!B18 -> CONCILIACIÓN | C43: ='PANEL DE CONTROL DISTRITAL'!C18 -> Responsable de Módulo | D43: ='PANEL DE CONTROL DISTRITAL'!D18 -> Credenciales disponibles para entrega = | E43: ='PANEL DE CONTROL DISTRITAL'!E18 -> ((Credenciales recibidas - credenciales inconsistentes )/ Credenciales Recibidas) x 100 | F43: ='PANEL DE CONTROL DISTRITAL'!F18 -> Semanal (remesa) | G43: ='PANEL DE CONTROL DISTRITAL'!G18 -> 0.9 | H43: =AG19 -> 1
A46: ='PANEL DE CONTROL DISTRITAL'!A21 -> 5 | B46: ='PANEL DE CONTROL DISTRITAL'!B21 -> ENTREGA | C46: ='PANEL DE CONTROL DISTRITAL'!C21 -> Operador de Equipo Tecnológico | D46: ='PANEL DE CONTROL DISTRITAL'!D21 -> Efectividad de entrega de CPV en MAC = | E46: ='PANEL DE CONTROL DISTRITAL'!E21 -> Total de credenciales entregadas – reimpresiones por error de captura en MAC)/Total de credenciales entregadas ) x 100 | F46: ='PANEL DE CONTROL DISTRITAL'!F21 -> Semanal (remesa) | G46: ='PANEL DE CONTROL DISTRITAL'!G21 -> 0.9 | H46: =AG22 -> 1

Sheet 210453
A1: ='PANEL DE CONTROL DISTRITAL'!A1:Q1 -> INSTITUTO NACIONAL ELECTORAL SISTEMA DE GESTIÓN DE LA CALIDAD PUEBLA
D2: Distrito | E2: 1 | F2: Módulo | H2: 210453 | W2: ='PANEL DE CONTROL DISTRITAL'!M2 -> Fecha de corte 07 / 12 / 2020
A4: ='210451'!A4:AG4 -> TABLERO DE CONTROL DE PROCESOS SUSTANTIVOS DEL SISTEMA DE GESTIÓN DE LA CALIDAD
A6: ='PANEL DE CONTROL DISTRITAL'!A6:A8 -> Número | B6: ='PANEL DE CONTROL DISTRITAL'!B6:H6 -> PROCESOS SUSTANTIVOS E INDICADORES | I6: ='210451'!I6:AF6 -> SEMANA OPERATIVA | AG6: ='210451'!AG6:AG9 -> % AVANCE REGISTRADO
B7: ='PANEL DE CONTROL DISTRITAL'!B7:D7 -> DESCRIPCIÓN | E7: ='PANEL DE CONTROL DISTRITAL'!E7:H7 -> MEDICIÓN | I7: ='PANEL DE CONTROL DISTRITAL'!I5 -> CAMPAÑA ANUAL INTENSA 2020-2021
B9: ='PANEL DE CONTROL DISTRITAL'!B8 -> Proceso | C9: ='PANEL DE CONTROL DISTRITAL'!C8 -> Dueño de Proceso | D9: ='PANEL DE CONTROL DISTRITAL'!D8 -> Indicador | E9: ='PANEL DE CONTROL DISTRITAL'!E8 -> Cálculo | F9: ='PANEL DE CONTROL DISTRITAL'!F8 -> Periodo | G9: ='PANEL DE CONTROL DISTRITAL'!G8 -> Estimado | H9: ='PANEL DE CONTROL DISTRITAL'!H8 -> Nominativo | I9: ='210451'!I9 -> 2020-36 | J9: ='210451'!J9 -> 2020-37 | K9: ='210451'!K9 -> 2020-38 | L9: ='210451'!L9 -> 2020-39 | M9: ='210451'!M9 -> 2020-40 | N9: ='210451'!N9 -> 2020-41 | O9: ='210451'!O9 -> 2020-42 | P9: ='210451'!P9 -> 2020-43 | ... AF9: ='210451'!AF9 -> 2021-06
A10: ='PANEL DE CONTROL DISTRITAL'!A9 -> 1 | B10: ='PANEL DE CONTROL DISTRITAL'!B9 -> ENTREVISTA | C10: ='PANEL DE CONTROL DISTRITAL'!C9 -> Auxiliar de Atención Ciudadana | D10: ='PANEL DE CONTROL DISTRITAL'!D9 -> Efectividad de la entrevista = | E10: ='PANEL DE CONTROL DISTRITAL'!E9 -> (Número de fichas requisitadas- tramites no identificados por huella / Número de trámites aplicados) x 100 | F10: ='PANEL DE CONTROL DISTRITAL'!F9 -> Semanal (remesa) | G10: ='PANEL DE CONTROL DISTRITAL'!G9 -> 0.9 | H10: ='PANEL DE CONTROL DISTRITAL'!H10 -> Número de fichas requisitadas- tramites no identificados por huella | I10: 0 | J10: 0 | K10: 0 | L10: 0 | M10: 0 | N10: 0 | O10: 52 | P10: 71 | Q10: 98 | R10: 65 | S10: 30 | T10: 79 | U10: 84 | V10: 126 | W10: 142 | X10: 0 | Y10: 0 | Z10: 0 | AA10: 0 | AB10: 0 | AC10: 0 | AD10: 0 | AE10: 0 | AF10: 0 | AG10: =IFERROR(SUM(I10:AF10)/SUM(I11:AF11),0) -> 1
H11: ='PANEL DE CONTROL DISTRITAL'!H9 -> Número de trámites aplicados | I11: 0 | J11: 0 | K11: 0 | L11: 0 | M11: 0 | N11: 0 | O11: 52 | P11: 71 | Q11: 98 | R11: 65 | S11: 30 | T11: 79 | U11: 84 | V11: 126 | W11: 142 | X11: 0 | Y11: 0 | Z11: 0 | AA11: 0 | AB11: 0 | AC11: 0 | AD11: 0 | AE11: 0 | AF11: 0
A13: ='PANEL DE CONTROL DISTRITAL'!A12 -> 2 | B13: ='PANEL DE CONTROL DISTRITAL'!B12 -> TRÁMITE | C13: ='PANEL DE CONTROL DISTRITAL'!C12 -> Operador de Equipo Tecnológico | D13: ='PANEL DE CONTROL DISTRITAL'!D12 -> Trámites exitosos efectivos= | E13: ='PANEL DE CONTROL DISTRITAL'!E12 -> (Número de trámites exitosos/ Número de trámites aplicados) x 100 | F13: ='PANEL DE CONTROL DISTRITAL'!F12 -> Semanal (remesa) | G13: ='PANEL DE CONTROL DISTRITAL'!G12 -> 0.9 | H13: ='PANEL DE CONTROL DISTRITAL'!H13 -> Número de trámites exitosos | I13: 0 | J13: 0 | K13: 0 | L13: 0 | M13: 0 | N13: 0 | O13: 52 | P13: 71 | Q13: 97 | R13: 65 | S13: 29 | T13: 78 | U13: 84 | V13: 126 | W13: 142 | X13: 0 | Y13: 0 | Z13: 0 | AA13: 0 | AB13: 0 | AC13: 0 | AD13: 0 | AE13: 0 | AF13: 0 | AG13: =IFERROR(SUM(I13:AF13)/SUM(I14:AF14),0) -> 0.99598394
H14: ='PANEL DE CONTROL DISTRITAL'!H12 -> Número de trámites aplicados | I14: 0 | J14: 0 | K14: 0 | L14: 0 | M14: 0 | N14: 0 | O14: 52 | P14: 71 | Q14: 98 | R14: 65 | S14: 30 | T14: 79 | U14: 84 | V14: 126 | W14: 142 | X14: 0 | Y14: 0 | Z14: 0 | AA14: 0 | AB14: 0 | AC14: 0 | AD14: 0 | AE14: 0 | AF14: 0
A16: ='PANEL DE CONTROL DISTRITAL'!A15 -> 3 | B16: ='PANEL DE CONTROL DISTRITAL'!B15 -> TRANSFERENCIA | C16: ='PANEL DE CONTROL DISTRITAL'!C15 -> Responsable de Módulo | D16: ='PANEL DE CONTROL DISTRITAL'!D15 -> Transacciones exitosas = | E16: ='PANEL DE CONTROL DISTRITAL'!E15 -> (Número de Archivos de Transacción aceptados /Total de Archivos de Transacción procesados) x100 | F16: ='PANEL DE CONTROL DISTRITAL'!F15 -> Semanal (remesa) | G16: ='PANEL DE CONTROL DISTRITAL'!G15 -> 0.9 | H16: ='PANEL DE CONTROL DISTRITAL'!H16 -> Número de Archivos de Transacción aceptados | I16: 0 | J16: 5 | K16: 10 | L16: 29 | M16: 9 | N16: 12 | O16: 60 | P16: 77 | Q16: 185 | R16: 123 | S16: 86 | T16: 137 | U16: 156 | V16: 205 | W16: 232 | X16: 0 | Y16: 0 | Z16: 0 | AA16: 0 | AB16: 0 | AC16: 0 | AD16: 0 | AE16: 0 | AF16: 0 | AG16: =IFERROR(SUM(I16:AF16)/SUM(I17:AF17),0) -> 1
H17: ='PANEL DE CONTROL DISTRITAL'!H15 -> Total de Archivos de Transacción procesados | I17: 0 | J17: 5 | K17: 10 | L17: 29 | M17: 9 | N17: 12 | O17: 60 | P17: 77 | Q17: 185 | R17: 123 | S17: 86 | T17: 137 | U17: 156 | V17: 205 | W17: 232 | X17: 0 | Y17: 0 | Z17: 0 | AA17: 0 | AB17: 0 | AC17: 0 | AD17: 0 | AE17: 0 | AF17: 0
A19: ='PANEL DE CONTROL DISTRITAL'!A18 -> 4 | B19: ='PANEL DE CONTROL DISTRITAL'!B18 -> CONCILIACIÓN | C19: ='PANEL DE CONTROL DISTRITAL'!C18 -> Responsable de Módulo | D19: ='PANEL DE CONTROL DISTRITAL'!D18 -> Credenciales disponibles para entrega = | E19: ='PANEL DE CONTROL DISTRITAL'!E18 -> ((Credenciales recibidas - credenciales inconsistentes )/ Credenciales Recibidas) x 100 | F19: ='PANEL DE CONTROL DISTRITAL'!F18 -> Semanal (remesa) | G19: ='PANEL DE CONTROL DISTRITAL'!G18 -> 0.9 | H19: ='PANEL DE CONTROL DISTRITAL'!H19 -> Credenciales recibidas - credenciales inconsistentes | I19: 0 | J19: 0 | K19: 0 | L19: 0 | M19: 0 | N19: 0 | O19: 0 | P19: 59 | Q19: 82 | R19: 96 | S19: 40 | T19: 60 | U19: 50 | V19: 87 | W19: 170 | X19: 0 | Y19: 0 | Z19: 0 | AA19: 0 | AB19: 0 | AC19: 0 | AD19: 0 | AE19: 0 | AF19: 0 | AG19: =IFERROR(SUM(I16:AF16)/SUM(I17:AF17),0) -> 1
H20: ='PANEL DE CONTROL DISTRITAL'!H18 -> Credenciales Recibidas | I20: 0 | J20: 0 | K20: 0 | L20: 0 | M20: 0 | N20: 0 | O20: 0 | P20: 59 | Q20: 82 | R20: 96 | S20: 40 | T20: 60 | U20: 50 | V20: 87 | W20: 170 | X20: 0 | Y20: 0 | Z20: 0 | AA20: 0 | AB20: 0 | AC20: 0 | AD20: 0 | AE20: 0 | AF20: 0
A22: ='PANEL DE CONTROL DISTRITAL'!A21 -> 5 | B22: ='PANEL DE CONTROL DISTRITAL'!B21 -> ENTREGA | C22: ='PANEL DE CONTROL DISTRITAL'!C21 -> Operador de Equipo Tecnológico | D22: ='PANEL DE CONTROL DISTRITAL'!D21 -> Efectividad de entrega de CPV en MAC = | E22: ='PANEL DE CONTROL DISTRITAL'!E21 -> Total de credenciales entregadas – reimpresiones por error de captura en MAC)/Total de credenciales entregadas ) x 100 | F22: ='PANEL DE CONTROL DISTRITAL'!F21 -> Semanal (remesa) | G22: ='PANEL DE CONTROL DISTRITAL'!G21 -> 0.9 | H22: ='PANEL DE CONTROL DISTRITAL'!H22 -> Total de credenciales entregadas – reimpresiones por error de captura en MAC | I22: 0 | J22: 5 | K22: 10 | L22: 29 | M22: 9 | N22: 12 | O22: 8 | P22: 6 | Q22: 87 | R22: 58 | S22: 56 | T22: 58 | U22: 72 | V22: 79 | W22: 90 | X22: 0 | Y22: 0 | Z22: 0 | AA22: 0 | AB22: 0 | AC22: 0 | AD22: 0 | AE22: 0 | AF22: 0 | AG22: =IFERROR(SUM(I22:AF22)/SUM(I23:AF23),0) -> 1
H23: ='PANEL DE CONTROL DISTRITAL'!H21 -> Total de credenciales entregadas | I23: 0 | J23: 5 | K23: 10 | L23: 29 | M23: 9 | N23: 12 | O23: 8 | P23: 6 | Q23: 87 | R23: 58 | S23: 56 | T23: 58 | U23: 72 | V23: 79 | W23: 90 | X23: 0 | Y23: 0 | Z23: 0 | AA23: 0 | AB23: 0 | AC23: 0 | AD23: 0 | AE23: 0 | AF23: 0
B24: *Registre el valor nominal solicitado en la celda, el resultado proporcional esta automatizado.
I26: Semaforización
J27: Valor que requiere atención y justificación en el apartado de observaciones
J28: Valor suficiente
J29: Valor esperado
A31: ='PANEL DE CONTROL DISTRITAL'!A6 -> Número | B31: ='PANEL DE CONTROL DISTRITAL'!B6:H6 -> PROCESOS SUSTANTIVOS E INDICADORES | I31: ='210451'!I31:T32 -> CUADRO DE OBSERVACIONES
B32: ='PANEL DE CONTROL DISTRITAL'!B7:D7 -> DESCRIPCIÓN | E32: ='PANEL DE CONTROL DISTRITAL'!E7:H7 -> MEDICIÓN
B33: ='PANEL DE CONTROL DISTRITAL'!B8 -> Proceso | C33: ='PANEL DE CONTROL DISTRITAL'!C8 -> Dueño de Proceso | D33: ='PANEL DE CONTROL DISTRITAL'!D8 -> Indicador | E33: ='PANEL DE CONTROL DISTRITAL'!E8 -> Cálculo | F33: ='PANEL DE CONTROL DISTRITAL'!F8 -> Periodo | G33: ='PANEL DE CONTROL DISTRITAL'!G8 -> Estimado | H33: =AG6 -> % AVANCE REGISTRADO | I33: ='210451'!I33:N33 -> Descripción | O33: ='210451'!O33:T33 -> No conformidad
A34: ='PANEL DE CONTROL DISTRITAL'!A9 -> 1 | B34: ='PANEL DE CONTROL DISTRITAL'!B9 -> ENTREVISTA | C34: ='PANEL DE CONTROL DISTRITAL'!C9 -> Auxiliar de Atención Ciudadana | D34: ='PANEL DE CONTROL DISTRITAL'!D9 -> Efectividad de la entrevista = | E34: ='PANEL DE CONTROL DISTRITAL'!E9 -> (Número de fichas requisitadas- tramites no identificados por huella / Número de trámites aplicados) x 100 | F34: ='PANEL DE CONTROL DISTRITAL'!F9 -> Semanal (remesa) | G34: ='PANEL DE CONTROL DISTRITAL'!G9 -> 0.9 | H34: =AG10 -> 1
A37: ='PANEL DE CONTROL DISTRITAL'!A12 -> 2 | B37: ='PANEL DE CONTROL DISTRITAL'!B12 -> TRÁMITE | C37: ='PANEL DE CONTROL DISTRITAL'!C12 -> Operador de Equipo Tecnológico | D37: ='PANEL DE CONTROL DISTRITAL'!D12 -> Trámites exitosos efectivos= | E37: ='PANEL DE CONTROL DISTRITAL'!E12 -> (Número de trámites exitosos/ Número de trámites aplicados) x 100 | F37: ='PANEL DE CONTROL DISTRITAL'!F12 -> Semanal (remesa) | G37: ='PANEL DE CONTROL DISTRITAL'!G12 -> 0.9 | H37: =AG13 -> 0.99598394
A40: ='PANEL DE CONTROL DISTRITAL'!A15 -> 3 | B40: ='PANEL DE CONTROL DISTRITAL'!B15 -> TRANSFERENCIA | C40: ='PANEL DE CONTROL DISTRITAL'!C15 -> Responsable de Módulo | D40: ='PANEL DE CONTROL DISTRITAL'!D15 -> Transacciones exitosas = | E40: ='PANEL DE CONTROL DISTRITAL'!E15 -> (Número de Archivos de Transacción aceptados /Total de Archivos de Transacción procesados) x100 | F40: ='PANEL DE CONTROL DISTRITAL'!F15 -> Semanal (remesa) | G40: ='PANEL DE CONTROL DISTRITAL'!G15 -> 0.9 | H40: =AG16 -> 1
A43: ='PANEL DE CONTROL DISTRITAL'!A18 -> 4 | B43: ='PANEL DE CONTROL DISTRITAL'!B18 -> CONCILIACIÓN | C43: ='PANEL DE CONTROL DISTRITAL'!C18 -> Responsable de Módulo | D43: ='PANEL DE CONTROL DISTRITAL'!D18 -> Credenciales disponibles para entrega = | E43: ='PANEL DE CONTROL DISTRITAL'!E18 -> ((Credenciales recibidas - credenciales inconsistentes )/ Credenciales Recibidas) x 100 | F43: ='PANEL DE CONTROL DISTRITAL'!F18 -> Semanal (remesa) | G43: ='PANEL DE CONTROL DISTRITAL'!G18 -> 0.9 | H43: =AG19 -> 1
A46: ='PANEL DE CONTROL DISTRITAL'!A21 -> 5 | B46: ='PANEL DE CONTROL DISTRITAL'!B21 -> ENTREGA | C46: ='PANEL DE CONTROL DISTRITAL'!C21 -> Operador de Equipo Tecnológico | D46: ='PANEL DE CONTROL DISTRITAL'!D21 -> Efectividad de entrega de CPV en MAC = | E46: ='PANEL DE CONTROL DISTRITAL'!E21 -> Total de credenciales entregadas – reimpresiones por error de captura en MAC)/Total de credenciales entregadas ) x 100 | F46: ='PANEL DE CONTROL DISTRITAL'!F21 -> Semanal (remesa) | G46: ='PANEL DE CONTROL DISTRITAL'!G21 -> 0.9 | H46: =AG22 -> 1

Sheet 210454
A1: ='PANEL DE CONTROL DISTRITAL'!A1:Q1 -> INSTITUTO NACIONAL ELECTORAL SISTEMA DE GESTIÓN DE LA CALIDAD PUEBLA
D2: Distrito | E2: 1 | F2: Módulo | H2: 210454 | W2: ='PANEL DE CONTROL DISTRITAL'!M2 -> Fecha de corte 07 / 12 / 2020
A4: ='210451'!A4:AG4 -> TABLERO DE CONTROL DE PROCESOS SUSTANTIVOS DEL SISTEMA DE GESTIÓN DE LA CALIDAD
A6: ='PANEL DE CONTROL DISTRITAL'!A6:A8 -> Número | B6: ='PANEL DE CONTROL DISTRITAL'!B6:H6 -> PROCESOS SUSTANTIVOS E INDICADORES | I6: ='210451'!I6:AF6 -> SEMANA OPERATIVA | AG6: ='210451'!AG6:AG9 -> % AVANCE REGISTRADO
B7: ='PANEL DE CONTROL DISTRITAL'!B7:D7 -> DESCRIPCIÓN | E7: ='PANEL DE CONTROL DISTRITAL'!E7:H7 -> MEDICIÓN | I7: ='PANEL DE CONTROL DISTRITAL'!I5 -> CAMPAÑA ANUAL INTENSA 2020-2021
B9: ='PANEL DE CONTROL DISTRITAL'!B8 -> Proceso | C9: ='PANEL DE CONTROL DISTRITAL'!C8 -> Dueño de Proceso | D9: ='PANEL DE CONTROL DISTRITAL'!D8 -> Indicador | E9: ='PANEL DE CONTROL DISTRITAL'!E8 -> Cálculo | F9: ='PANEL DE CONTROL DISTRITAL'!F8 -> Periodo | G9: ='PANEL DE CONTROL DISTRITAL'!G8 -> Estimado | H9: ='PANEL DE CONTROL DISTRITAL'!H8 -> Nominativo | I9: ='210451'!I9 -> 2020-36 | J9: ='210451'!J9 -> 2020-37 | K9: ='210451'!K9 -> 2020-38 | L9: ='210451'!L9 -> 2020-39 | M9: ='210451'!M9 -> 2020-40 | N9: ='210451'!N9 -> 2020-41 | O9: ='210451'!O9 -> 2020-42 | P9: ='210451'!P9 -> 2020-43 | ... AF9: ='210451'!AF9 -> 2021-06
A10: ='PANEL DE CONTROL DISTRITAL'!A9 -> 1 | B10: ='PANEL DE CONTROL DISTRITAL'!B9 -> ENTREVISTA | C10: ='PANEL DE CONTROL DISTRITAL'!C9 -> Auxiliar de Atención Ciudadana | D10: ='PANEL DE CONTROL DISTRITAL'!D9 -> Efectividad de la entrevista = | E10: ='PANEL DE CONTROL DISTRITAL'!E9 -> (Número de fichas requisitadas- tramites no identificados por huella / Número de trámites aplicados) x 100 | F10: ='PANEL DE CONTROL DISTRITAL'!F9 -> Semanal (remesa) | G10: ='PANEL DE CONTROL DISTRITAL'!G9 -> 0.9 | H10: ='PANEL DE CONTROL DISTRITAL'!H10 -> Número de fichas requisitadas- tramites no identificados por huella | I10: 0 | J10: 0 | K10: 0 | L10: 0 | M10: 0 | N10: 0 | O10: 53 | P10: 117 | Q10: 161 | R10: 179 | S10: 120 | T10: 223 | U10: 203 | V10: 213 | W10: 136 | X10: 0 | Y10: 0 | Z10: 0 | AA10: 0 | AB10: 0 | AC10: 0 | AD10: 0 | AE10: 0 | AF10: 0 | AG10: =IFERROR(SUM(I10:AF10)/SUM(I11:AF11),0) -> 1
H11: ='PANEL DE CONTROL DISTRITAL'!H9 -> Número de trámites aplicados | I11: 0 | J11: 0 | K11: 0 | L11: 0 | M11: 0 | N11: 0 | O11: 53 | P11: 117 | Q11: 161 | R11: 179 | S11: 120 | T11: 223 | U11: 203 | V11: 213 | W11: 136 | X11: 0 | Y11: 0 | Z11: 0 | AA11: 0 | AB11: 0 | AC11: 0 | AD11: 0 | AE11: 0 | AF11: 0
A13: ='PANEL DE CONTROL DISTRITAL'!A12 -> 2 | B13: ='PANEL DE CONTROL DISTRITAL'!B12 -> TRÁMITE | C13: ='PANEL DE CONTROL DISTRITAL'!C12 -> Operador de Equipo Tecnológico | D13: ='PANEL DE CONTROL DISTRITAL'!D12 -> Trámites exitosos efectivos= | E13: ='PANEL DE CONTROL DISTRITAL'!E12 -> (Número de trámites exitosos/ Número de trámites aplicados) x 100 | F13: ='PANEL DE CONTROL DISTRITAL'!F12 -> Semanal (remesa) | G13: ='PANEL DE CONTROL DISTRITAL'!G12 -> 0.9 | H13: ='PANEL DE CONTROL DISTRITAL'!H13 -> Número de trámites exitosos | I13: 0 | J13: 0 | K13: 0 | L13: 0 | M13: 0 | N13: 0 | O13: 53 | P13: 115 | Q13: 161 | R13: 179 | S13: 120 | T13: 221 | U13: 201 | V13: 213 | W13: 135 | X13: 0 | Y13: 0 | Z13: 0 | AA13: 0 | AB13: 0 | AC13: 0 | AD13: 0 | AE13: 0 | AF13: 0 | AG13: =IFERROR(SUM(I13:AF13)/SUM(I14:AF14),0) -> 0.99501779
H14: ='PANEL DE CONTROL DISTRITAL'!H12 -> Número de trámites aplicados | I14: 0 | J14: 0 | K14: 0 | L14: 0 | M14: 0 | N14: 0 | O14: 53 | P14: 117 | Q14: 161 | R14: 179 | S14: 120 | T14: 223 | U14: 203 | V14: 213 | W14: 136 | X14: 0 | Y14: 0 | Z14: 0 | AA14: 0 | AB14: 0 | AC14: 0 | AD14: 0 | AE14: 0 | AF14: 0
A16: ='PANEL DE CONTROL DISTRITAL'!A15 -> 3 | B16: ='PANEL DE CONTROL DISTRITAL'!B15 -> TRANSFERENCIA | C16: ='PANEL DE CONTROL DISTRITAL'!C15 -> Responsable de Módulo | D16: ='PANEL DE CONTROL DISTRITAL'!D15 -> Transacciones exitosas = | E16: ='PANEL DE CONTROL DISTRITAL'!E15 -> (Número de Archivos de Transacción aceptados /Total de Archivos de Transacción procesados) x100 | F16: ='PANEL DE CONTROL DISTRITAL'!F15 -> Semanal (remesa) | G16: ='PANEL DE CONTROL DISTRITAL'!G15 -> 0.9 | H16: ='PANEL DE CONTROL DISTRITAL'!H16 -> Número de Archivos de Transacción aceptados | I16: 0 | J16: 2 | K16: 4 | L16: 0 | M16: 3 | N16: 4 | O16: 55 | P16: 120 | Q16: 215 | R16: 264 | S16: 239 | T16: 397 | U16: 348 | V16: 374 | W16: 289 | X16: 0 | Y16: 0 | Z16: 0 | AA16: 0 | AB16: 0 | AC16: 0 | AD16: 0 | AE16: 0 | AF16: 0 | AG16: =IFERROR(SUM(I16:AF16)/SUM(I17:AF17),0) -> 1
